_ws.col.cls_time,frame.time_relative,tcp.time_relative,frame.number,frame.len,ip.src,tcp.srcport,ip.dst,tcp.dstport,tcp.len,tcp.seq,tcp.ack
"0.000000","0.000000000",,"1","76",,,,,,,
"0.000008","0.000008000",,"2","48",,,,,,,
"0.002397","0.002397000",,"3","76",,,,,,,
"0.088507","0.088507000",,"4","64","10.0.0.2",,"10.0.0.1",,,,
"0.088526","0.088526000",,"5","64","10.0.0.2",,"10.0.0.1",,,,
"0.090053","0.090053000",,"6","403","10.0.0.1",,"10.0.0.2",,,,
"0.090370","0.090370000",,"7","451","10.0.0.1",,"10.0.0.2",,,,
"0.215373","0.215373000",,"8","76",,,,,,,
"0.400487","0.400487000","0.000000000","9","60","10.0.0.2","54278","66.203.127.13","443","0","0","0"
"0.401177","0.401177000","0.000690000","10","60","66.203.127.13","443","10.0.0.2","54278","0","0","1"
"0.623411","0.623411000",,"11","76",,,,,,,
"0.623447","0.623447000",,"12","48",,,,,,,
"0.626342","0.626342000",,"13","76",,,,,,,
"0.687476","0.687476000",,"14","76",,,,,,,
"0.713439","0.713439000","0.312952000","15","52","10.0.0.2","54278","66.203.127.13","443","0","1","1"
"0.713470","0.713470000","0.312983000","16","100","10.0.0.2","54278","66.203.127.13","443","48","1","1"
"0.713489","0.713489000","0.313002000","17","100","10.0.0.2","54278","66.203.127.13","443","48","49","1"
"0.713504","0.713504000","0.313017000","18","100","10.0.0.2","54278","66.203.127.13","443","48","97","1"
"0.713519","0.713519000","0.313032000","19","100","10.0.0.2","54278","66.203.127.13","443","48","145","1"
"0.713534","0.713534000","0.313047000","20","100","10.0.0.2","54278","66.203.127.13","443","48","193","1"
"0.713549","0.713549000","0.313062000","21","100","10.0.0.2","54278","66.203.127.13","443","48","241","1"
"0.713563","0.713563000","0.313076000","22","100","10.0.0.2","54278","66.203.127.13","443","48","289","1"
"0.713580","0.713580000","0.313093000","23","100","10.0.0.2","54278","66.203.127.13","443","48","337","1"
"0.713598","0.713598000","0.313111000","24","69","10.0.0.2","54278","66.203.127.13","443","17","385","1"
"0.714286","0.714286000","0.313799000","25","52","66.203.127.13","443","10.0.0.2","54278","0","1","49"
"0.714364","0.714364000","0.313877000","26","52","66.203.127.13","443","10.0.0.2","54278","0","1","97"
"0.714377","0.714377000","0.313890000","27","52","66.203.127.13","443","10.0.0.2","54278","0","1","145"
"0.714456","0.714456000","0.313969000","28","52","66.203.127.13","443","10.0.0.2","54278","0","1","193"
"0.714479","0.714479000","0.313992000","29","52","66.203.127.13","443","10.0.0.2","54278","0","1","241"
"0.714523","0.714523000","0.314036000","30","52","66.203.127.13","443","10.0.0.2","54278","0","1","289"
"0.714536","0.714536000","0.314049000","31","52","66.203.127.13","443","10.0.0.2","54278","0","1","337"
"0.714581","0.714581000","0.314094000","32","52","66.203.127.13","443","10.0.0.2","54278","0","1","385"
"0.714594","0.714594000","0.314107000","33","52","66.203.127.13","443","10.0.0.2","54278","0","1","402"
"0.762058","0.762058000","0.361571000","34","296","66.203.127.13","443","10.0.0.2","54278","244","1","402"
"0.762108","0.762108000","0.361621000","35","296","66.203.127.13","443","10.0.0.2","54278","244","245","402"
"0.762178","0.762178000","0.361691000","36","296","66.203.127.13","443","10.0.0.2","54278","244","489","402"
"0.762197","0.762197000","0.361710000","37","296","66.203.127.13","443","10.0.0.2","54278","244","733","402"
"0.762280","0.762280000","0.361793000","38","296","66.203.127.13","443","10.0.0.2","54278","244","977","402"
"0.762294","0.762294000","0.361807000","39","296","66.203.127.13","443","10.0.0.2","54278","244","1221","402"
"0.762340","0.762340000","0.361853000","40","296","66.203.127.13","443","10.0.0.2","54278","244","1465","402"
"0.762352","0.762352000","0.361865000","41","296","66.203.127.13","443","10.0.0.2","54278","244","1709","402"
"0.762397","0.762397000","0.361910000","42","296","66.203.127.13","443","10.0.0.2","54278","244","1953","402"
"0.762421","0.762421000","0.361934000","43","296","66.203.127.13","443","10.0.0.2","54278","244","2197","402"
"1.025608","1.025608000","0.625121000","44","52","10.0.0.2","54278","66.203.127.13","443","0","402","245"
"1.025628","1.025628000","0.625141000","45","52","10.0.0.2","54278","66.203.127.13","443","0","402","489"
"1.025639","1.025639000","0.625152000","46","52","10.0.0.2","54278","66.203.127.13","443","0","402","733"
"1.026335","1.026335000","0.625848000","47","296","66.203.127.13","443","10.0.0.2","54278","244","2441","402"
"1.026364","1.026364000","0.625877000","48","296","66.203.127.13","443","10.0.0.2","54278","244","2685","402"
"1.026395","1.026395000","0.625908000","49","230","66.203.127.13","443","10.0.0.2","54278","178","2929","402"
"1.055367","1.055367000",,"50","76",,,,,,,
"1.087963","1.087963000","0.687476000","51","52","10.0.0.2","54278","66.203.127.13","443","0","402","977"
"1.087991","1.087991000","0.687504000","52","52","10.0.0.2","54278","66.203.127.13","443","0","402","1221"
"1.088009","1.088009000","0.687522000","53","52","10.0.0.2","54278","66.203.127.13","443","0","402","1465"
"1.088025","1.088025000","0.687538000","54","52","10.0.0.2","54278","66.203.127.13","443","0","402","1709"
"1.088039","1.088039000","0.687552000","55","52","10.0.0.2","54278","66.203.127.13","443","0","402","1953"
"1.151189","1.151189000","0.750702000","56","52","10.0.0.2","54278","66.203.127.13","443","0","402","2197"
"1.151239","1.151239000","0.750752000","57","52","10.0.0.2","54278","66.203.127.13","443","0","402","2441"
"1.338061","1.338061000","0.937574000","58","52","10.0.0.2","54278","66.203.127.13","443","0","402","2685"
"1.338090","1.338090000","0.937603000","59","52","10.0.0.2","54278","66.203.127.13","443","0","402","2929"
"1.338109","1.338109000","0.937622000","60","52","10.0.0.2","54278","66.203.127.13","443","0","402","3107"
"1.338126","1.338126000","0.937639000","61","100","10.0.0.2","54278","66.203.127.13","443","48","402","3107"
"1.338142","1.338142000","0.937655000","62","84","10.0.0.2","54278","66.203.127.13","443","32","450","3107"
"1.338156","1.338156000","0.937669000","63","100","10.0.0.2","54278","66.203.127.13","443","48","482","3107"
"1.338171","1.338171000","0.937684000","64","100","10.0.0.2","54278","66.203.127.13","443","48","530","3107"
"1.338186","1.338186000","0.937699000","65","100","10.0.0.2","54278","66.203.127.13","443","48","578","3107"
"1.338868","1.338868000","0.938381000","66","52","66.203.127.13","443","10.0.0.2","54278","0","3107","450"
"1.338905","1.338905000","0.938418000","67","52","66.203.127.13","443","10.0.0.2","54278","0","3107","482"
"1.338955","1.338955000","0.938468000","68","52","66.203.127.13","443","10.0.0.2","54278","0","3107","530"
"1.338966","1.338966000","0.938479000","69","52","66.203.127.13","443","10.0.0.2","54278","0","3107","626"
"1.647368","1.647368000",,"70","76",,,,,,,
"1.650671","1.650671000","1.250184000","71","61","10.0.0.2","54278","66.203.127.13","443","9","626","3107"
"1.651207","1.651207000","1.250720000","72","52","66.203.127.13","443","10.0.0.2","54278","0","3107","635"
"1.902192","1.902192000","1.501705000","73","296","66.203.127.13","443","10.0.0.2","54278","244","3107","635"
"1.902281","1.902281000","1.501794000","74","296","66.203.127.13","443","10.0.0.2","54278","244","3351","635"
"1.902336","1.902336000","1.501849000","75","296","66.203.127.13","443","10.0.0.2","54278","244","3595","635"
"1.902485","1.902485000","1.501998000","76","296","66.203.127.13","443","10.0.0.2","54278","244","3839","635"
"1.902504","1.902504000","1.502017000","77","296","66.203.127.13","443","10.0.0.2","54278","244","4083","635"
"1.902551","1.902551000","1.502064000","78","296","66.203.127.13","443","10.0.0.2","54278","244","4327","635"
"1.902563","1.902563000","1.502076000","79","296","66.203.127.13","443","10.0.0.2","54278","244","4571","635"
"1.902608","1.902608000","1.502121000","80","296","66.203.127.13","443","10.0.0.2","54278","244","4815","635"
"1.902622","1.902622000","1.502135000","81","296","66.203.127.13","443","10.0.0.2","54278","244","5059","635"
"1.902668","1.902668000","1.502181000","82","296","66.203.127.13","443","10.0.0.2","54278","244","5303","635"
"1.902681","1.902681000","1.502194000","83","296","66.203.127.13","443","10.0.0.2","54278","244","5547","635"
"1.902727","1.902727000","1.502240000","84","296","66.203.127.13","443","10.0.0.2","54278","244","5791","635"
"1.902740","1.902740000","1.502253000","85","296","66.203.127.13","443","10.0.0.2","54278","244","6035","635"
"1.902790","1.902790000","1.502303000","86","296","66.203.127.13","443","10.0.0.2","54278","244","6279","635"
"1.902803","1.902803000","1.502316000","87","296","66.203.127.13","443","10.0.0.2","54278","244","6523","635"
"1.902849","1.902849000","1.502362000","88","296","66.203.127.13","443","10.0.0.2","54278","244","6767","635"
"1.902860","1.902860000","1.502373000","89","296","66.203.127.13","443","10.0.0.2","54278","244","7011","635"
"1.902905","1.902905000","1.502418000","90","296","66.203.127.13","443","10.0.0.2","54278","244","7255","635"
"1.902916","1.902916000","1.502429000","91","296","66.203.127.13","443","10.0.0.2","54278","244","7499","635"
"1.902961","1.902961000","1.502474000","92","296","66.203.127.13","443","10.0.0.2","54278","244","7743","635"
"1.902974","1.902974000","1.502487000","93","296","66.203.127.13","443","10.0.0.2","54278","244","7987","635"
"1.903006","1.903006000","1.502519000","94","296","66.203.127.13","443","10.0.0.2","54278","244","8231","635"
"2.213303","2.213303000","1.812816000","95","52","10.0.0.2","54278","66.203.127.13","443","0","635","4327"
"2.214280","2.214280000","1.813793000","96","296","66.203.127.13","443","10.0.0.2","54278","244","8475","635"
"2.214326","2.214326000","1.813839000","97","296","66.203.127.13","443","10.0.0.2","54278","244","8719","635"
"2.214395","2.214395000","1.813908000","98","296","66.203.127.13","443","10.0.0.2","54278","244","8963","635"
"2.214415","2.214415000","1.813928000","99","296","66.203.127.13","443","10.0.0.2","54278","244","9207","635"
"2.214469","2.214469000","1.813982000","100","296","66.203.127.13","443","10.0.0.2","54278","244","9451","635"
"2.214481","2.214481000","1.813994000","101","296","66.203.127.13","443","10.0.0.2","54278","244","9695","635"
"2.214527","2.214527000","1.814040000","102","296","66.203.127.13","443","10.0.0.2","54278","244","9939","635"
"2.214540","2.214540000","1.814053000","103","296","66.203.127.13","443","10.0.0.2","54278","244","10183","635"
"2.214585","2.214585000","1.814098000","104","296","66.203.127.13","443","10.0.0.2","54278","244","10427","635"
"2.214599","2.214599000","1.814112000","105","296","66.203.127.13","443","10.0.0.2","54278","244","10671","635"
"2.275576","2.275576000","1.875089000","106","52","10.0.0.2","54278","66.203.127.13","443","0","635","5547"
"2.276314","2.276314000","1.875827000","107","296","66.203.127.13","443","10.0.0.2","54278","244","10915","635"
"2.276349","2.276349000","1.875862000","108","296","66.203.127.13","443","10.0.0.2","54278","244","11159","635"
"2.276400","2.276400000","1.875913000","109","296","66.203.127.13","443","10.0.0.2","54278","244","11403","635"
"2.276411","2.276411000","1.875924000","110","296","66.203.127.13","443","10.0.0.2","54278","244","11647","635"
"2.276457","2.276457000","1.875970000","111","296","66.203.127.13","443","10.0.0.2","54278","244","11891","635"
"2.276469","2.276469000","1.875982000","112","296","66.203.127.13","443","10.0.0.2","54278","244","12135","635"
"2.276515","2.276515000","1.876028000","113","296","66.203.127.13","443","10.0.0.2","54278","244","12379","635"
"2.276526","2.276526000","1.876039000","114","296","66.203.127.13","443","10.0.0.2","54278","244","12623","635"
"2.276571","2.276571000","1.876084000","115","296","66.203.127.13","443","10.0.0.2","54278","244","12867","635"
"2.276585","2.276585000","1.876098000","116","296","66.203.127.13","443","10.0.0.2","54278","244","13111","635"
"2.337817","2.337817000","1.937330000","117","52","10.0.0.2","54278","66.203.127.13","443","0","635","6767"
"2.338405","2.338405000","1.937918000","118","296","66.203.127.13","443","10.0.0.2","54278","244","13355","635"
"2.338441","2.338441000","1.937954000","119","296","66.203.127.13","443","10.0.0.2","54278","244","13599","635"
"2.338492","2.338492000","1.938005000","120","296","66.203.127.13","443","10.0.0.2","54278","244","13843","635"
"2.338503","2.338503000","1.938016000","121","296","66.203.127.13","443","10.0.0.2","54278","244","14087","635"
"2.338549","2.338549000","1.938062000","122","296","66.203.127.13","443","10.0.0.2","54278","244","14331","635"
"2.338561","2.338561000","1.938074000","123","296","66.203.127.13","443","10.0.0.2","54278","244","14575","635"
"2.338607","2.338607000","1.938120000","124","296","66.203.127.13","443","10.0.0.2","54278","244","14819","635"
"2.338619","2.338619000","1.938132000","125","296","66.203.127.13","443","10.0.0.2","54278","244","15063","635"
"2.338663","2.338663000","1.938176000","126","296","66.203.127.13","443","10.0.0.2","54278","244","15307","635"
"2.338677","2.338677000","1.938190000","127","296","66.203.127.13","443","10.0.0.2","54278","244","15551","635"
"2.401132","2.401132000","2.000645000","128","52","10.0.0.2","54278","66.203.127.13","443","0","635","7987"
"2.401685","2.401685000","2.001198000","129","296","66.203.127.13","443","10.0.0.2","54278","244","15795","635"
"2.401721","2.401721000","2.001234000","130","296","66.203.127.13","443","10.0.0.2","54278","244","16039","635"
"2.401784","2.401784000","2.001297000","131","296","66.203.127.13","443","10.0.0.2","54278","244","16283","635"
"2.401797","2.401797000","2.001310000","132","296","66.203.127.13","443","10.0.0.2","54278","244","16527","635"
"2.401845","2.401845000","2.001358000","133","296","66.203.127.13","443","10.0.0.2","54278","244","16771","635"
"2.401856","2.401856000","2.001369000","134","296","66.203.127.13","443","10.0.0.2","54278","244","17015","635"
"2.401903","2.401903000","2.001416000","135","296","66.203.127.13","443","10.0.0.2","54278","244","17259","635"
"2.401916","2.401916000","2.001429000","136","296","66.203.127.13","443","10.0.0.2","54278","244","17503","635"
"2.401967","2.401967000","2.001480000","137","296","66.203.127.13","443","10.0.0.2","54278","244","17747","635"
"2.401980","2.401980000","2.001493000","138","296","66.203.127.13","443","10.0.0.2","54278","244","17991","635"
"2.463168","2.463168000","2.062681000","139","52","10.0.0.2","54278","66.203.127.13","443","0","635","8475"
"2.463770","2.463770000","2.063283000","140","296","66.203.127.13","443","10.0.0.2","54278","244","18235","635"
"2.463806","2.463806000","2.063319000","141","296","66.203.127.13","443","10.0.0.2","54278","244","18479","635"
"2.463856","2.463856000","2.063369000","142","296","66.203.127.13","443","10.0.0.2","54278","244","18723","635"
"2.463868","2.463868000","2.063381000","143","296","66.203.127.13","443","10.0.0.2","54278","244","18967","635"
"2.526261","2.526261000","2.125774000","144","52","10.0.0.2","54278","66.203.127.13","443","0","635","9695"
"2.526831","2.526831000","2.126344000","145","296","66.203.127.13","443","10.0.0.2","54278","244","19211","635"
"2.526867","2.526867000","2.126380000","146","296","66.203.127.13","443","10.0.0.2","54278","244","19455","635"
"2.526917","2.526917000","2.126430000","147","296","66.203.127.13","443","10.0.0.2","54278","244","19699","635"
"2.526930","2.526930000","2.126443000","148","296","66.203.127.13","443","10.0.0.2","54278","244","19943","635"
"2.526976","2.526976000","2.126489000","149","296","66.203.127.13","443","10.0.0.2","54278","244","20187","635"
"2.526987","2.526987000","2.126500000","150","296","66.203.127.13","443","10.0.0.2","54278","244","20431","635"
"2.527034","2.527034000","2.126547000","151","296","66.203.127.13","443","10.0.0.2","54278","244","20675","635"
"2.527046","2.527046000","2.126559000","152","296","66.203.127.13","443","10.0.0.2","54278","244","20919","635"
"2.527091","2.527091000","2.126604000","153","296","66.203.127.13","443","10.0.0.2","54278","244","21163","635"
"2.527111","2.527111000","2.126624000","154","296","66.203.127.13","443","10.0.0.2","54278","244","21407","635"
"2.587569","2.587569000","2.187082000","155","52","10.0.0.2","54278","66.203.127.13","443","0","635","10915"
"2.588259","2.588259000","2.187772000","156","296","66.203.127.13","443","10.0.0.2","54278","244","21651","635"
"2.588306","2.588306000","2.187819000","157","296","66.203.127.13","443","10.0.0.2","54278","244","21895","635"
"2.588374","2.588374000","2.187887000","158","296","66.203.127.13","443","10.0.0.2","54278","244","22139","635"
"2.588391","2.588391000","2.187904000","159","296","66.203.127.13","443","10.0.0.2","54278","244","22383","635"
"2.588441","2.588441000","2.187954000","160","296","66.203.127.13","443","10.0.0.2","54278","244","22627","635"
"2.588454","2.588454000","2.187967000","161","296","66.203.127.13","443","10.0.0.2","54278","244","22871","635"
"2.588499","2.588499000","2.188012000","162","296","66.203.127.13","443","10.0.0.2","54278","244","23115","635"
"2.588510","2.588510000","2.188023000","163","296","66.203.127.13","443","10.0.0.2","54278","244","23359","635"
"2.588557","2.588557000","2.188070000","164","296","66.203.127.13","443","10.0.0.2","54278","244","23603","635"
"2.588569","2.588569000","2.188082000","165","296","66.203.127.13","443","10.0.0.2","54278","244","23847","635"
"2.650617","2.650617000","2.250130000","166","52","10.0.0.2","54278","66.203.127.13","443","0","635","11891"
"2.650647","2.650647000","2.250160000","167","52","10.0.0.2","54278","66.203.127.13","443","0","635","12135"
"2.651151","2.651151000","2.250664000","168","296","66.203.127.13","443","10.0.0.2","54278","244","24091","635"
"2.651191","2.651191000","2.250704000","169","296","66.203.127.13","443","10.0.0.2","54278","244","24335","635"
"2.651269","2.651269000","2.250782000","170","296","66.203.127.13","443","10.0.0.2","54278","244","24579","635"
"2.651283","2.651283000","2.250796000","171","296","66.203.127.13","443","10.0.0.2","54278","244","24823","635"
"2.651329","2.651329000","2.250842000","172","296","66.203.127.13","443","10.0.0.2","54278","244","25067","635"
"2.651341","2.651341000","2.250854000","173","296","66.203.127.13","443","10.0.0.2","54278","244","25311","635"
"2.651389","2.651389000","2.250902000","174","296","66.203.127.13","443","10.0.0.2","54278","244","25555","635"
"2.651401","2.651401000","2.250914000","175","296","66.203.127.13","443","10.0.0.2","54278","244","25799","635"
"2.651447","2.651447000","2.250960000","176","296","66.203.127.13","443","10.0.0.2","54278","244","26043","635"
"2.651461","2.651461000","2.250974000","177","296","66.203.127.13","443","10.0.0.2","54278","244","26287","635"
"2.712929","2.712929000","2.312442000","178","52","10.0.0.2","54278","66.203.127.13","443","0","635","12379"
"2.712964","2.712964000","2.312477000","179","52","10.0.0.2","54278","66.203.127.13","443","0","635","12623"
"2.712983","2.712983000","2.312496000","180","52","10.0.0.2","54278","66.203.127.13","443","0","635","12867"
"2.712995","2.712995000","2.312508000","181","52","10.0.0.2","54278","66.203.127.13","443","0","635","13111"
"2.713007","2.713007000","2.312520000","182","52","10.0.0.2","54278","66.203.127.13","443","0","635","13355"
"2.713446","2.713446000","2.312959000","183","296","66.203.127.13","443","10.0.0.2","54278","244","26531","635"
"2.713483","2.713483000","2.312996000","184","296","66.203.127.13","443","10.0.0.2","54278","244","26775","635"
"2.713534","2.713534000","2.313047000","185","296","66.203.127.13","443","10.0.0.2","54278","244","27019","635"
"2.713545","2.713545000","2.313058000","186","296","66.203.127.13","443","10.0.0.2","54278","244","27263","635"
"2.713593","2.713593000","2.313106000","187","296","66.203.127.13","443","10.0.0.2","54278","244","27507","635"
"2.713604","2.713604000","2.313117000","188","296","66.203.127.13","443","10.0.0.2","54278","244","27751","635"
"2.713649","2.713649000","2.313162000","189","296","66.203.127.13","443","10.0.0.2","54278","244","27995","635"
"2.713661","2.713661000","2.313174000","190","296","66.203.127.13","443","10.0.0.2","54278","244","28239","635"
"2.713706","2.713706000","2.313219000","191","296","66.203.127.13","443","10.0.0.2","54278","244","28483","635"
"2.713719","2.713719000","2.313232000","192","296","66.203.127.13","443","10.0.0.2","54278","244","28727","635"
"2.776118","2.776118000","2.375631000","193","52","10.0.0.2","54278","66.203.127.13","443","0","635","13599"
"2.776152","2.776152000","2.375665000","194","52","10.0.0.2","54278","66.203.127.13","443","0","635","13843"
"2.776175","2.776175000","2.375688000","195","52","10.0.0.2","54278","66.203.127.13","443","0","635","14575"
"2.776655","2.776655000","2.376168000","196","296","66.203.127.13","443","10.0.0.2","54278","244","28971","635"
"2.776692","2.776692000","2.376205000","197","296","66.203.127.13","443","10.0.0.2","54278","244","29215","635"
"2.776743","2.776743000","2.376256000","198","296","66.203.127.13","443","10.0.0.2","54278","244","29459","635"
"2.776755","2.776755000","2.376268000","199","296","66.203.127.13","443","10.0.0.2","54278","244","29703","635"
"2.776789","2.776789000","2.376302000","200","296","66.203.127.13","443","10.0.0.2","54278","244","29947","635"
"2.838082","2.838082000","2.437595000","201","52","10.0.0.2","54278","66.203.127.13","443","0","635","15795"
"2.838680","2.838680000","2.438193000","202","296","66.203.127.13","443","10.0.0.2","54278","244","30191","635"
"2.838717","2.838717000","2.438230000","203","296","66.203.127.13","443","10.0.0.2","54278","244","30435","635"
"2.838768","2.838768000","2.438281000","204","296","66.203.127.13","443","10.0.0.2","54278","244","30679","635"
"2.838781","2.838781000","2.438294000","205","296","66.203.127.13","443","10.0.0.2","54278","244","30923","635"
"2.838814","2.838814000","2.438327000","206","296","66.203.127.13","443","10.0.0.2","54278","244","31167","635"
"2.901324","2.901324000","2.500837000","207","52","10.0.0.2","54278","66.203.127.13","443","0","635","17015"
"2.901892","2.901892000","2.501405000","208","296","66.203.127.13","443","10.0.0.2","54278","244","31411","635"
"2.901927","2.901927000","2.501440000","209","296","66.203.127.13","443","10.0.0.2","54278","244","31655","635"
"2.901978","2.901978000","2.501491000","210","296","66.203.127.13","443","10.0.0.2","54278","244","31899","635"
"2.901990","2.901990000","2.501503000","211","296","66.203.127.13","443","10.0.0.2","54278","244","32143","635"
"2.902025","2.902025000","2.501538000","212","296","66.203.127.13","443","10.0.0.2","54278","244","32387","635"
"2.962595","2.962595000","2.562108000","213","52","10.0.0.2","54278","66.203.127.13","443","0","635","18235"
"2.963337","2.963337000","2.562850000","214","296","66.203.127.13","443","10.0.0.2","54278","244","32631","635"
"2.963380","2.963380000","2.562893000","215","296","66.203.127.13","443","10.0.0.2","54278","244","32875","635"
"2.963437","2.963437000","2.562950000","216","296","66.203.127.13","443","10.0.0.2","54278","244","33119","635"
"2.963449","2.963449000","2.562962000","217","296","66.203.127.13","443","10.0.0.2","54278","244","33363","635"
"2.963501","2.963501000","2.563014000","218","296","66.203.127.13","443","10.0.0.2","54278","244","33607","635"
"2.963527","2.963527000","2.563040000","219","296","66.203.127.13","443","10.0.0.2","54278","244","33851","635"
"3.025742","3.025742000","2.625255000","220","52","10.0.0.2","54278","66.203.127.13","443","0","635","18723"
"3.025774","3.025774000","2.625287000","221","52","10.0.0.2","54278","66.203.127.13","443","0","635","19455"
"3.026383","3.026383000","2.625896000","222","296","66.203.127.13","443","10.0.0.2","54278","244","34095","635"
"3.026420","3.026420000","2.625933000","223","296","66.203.127.13","443","10.0.0.2","54278","244","34339","635"
"3.026472","3.026472000","2.625985000","224","296","66.203.127.13","443","10.0.0.2","54278","244","34583","635"
"3.026484","3.026484000","2.625997000","225","296","66.203.127.13","443","10.0.0.2","54278","244","34827","635"
"3.026518","3.026518000","2.626031000","226","296","66.203.127.13","443","10.0.0.2","54278","244","35071","635"
"3.087585","3.087585000","2.687098000","227","52","10.0.0.2","54278","66.203.127.13","443","0","635","20675"
"3.088166","3.088166000","2.687679000","228","296","66.203.127.13","443","10.0.0.2","54278","244","35315","635"
"3.088202","3.088202000","2.687715000","229","296","66.203.127.13","443","10.0.0.2","54278","244","35559","635"
"3.088290","3.088290000","2.687803000","230","296","66.203.127.13","443","10.0.0.2","54278","244","35803","635"
"3.088304","3.088304000","2.687817000","231","296","66.203.127.13","443","10.0.0.2","54278","244","36047","635"
"3.088339","3.088339000","2.687852000","232","296","66.203.127.13","443","10.0.0.2","54278","244","36291","635"
"3.151061","3.151061000","2.750574000","233","52","10.0.0.2","54278","66.203.127.13","443","0","635","21163"
"3.151090","3.151090000","2.750603000","234","52","10.0.0.2","54278","66.203.127.13","443","0","635","21895"
"3.151567","3.151567000","2.751080000","235","296","66.203.127.13","443","10.0.0.2","54278","244","36535","635"
"3.151605","3.151605000","2.751118000","236","296","66.203.127.13","443","10.0.0.2","54278","244","36779","635"
"3.151656","3.151656000","2.751169000","237","296","66.203.127.13","443","10.0.0.2","54278","244","37023","635"
"3.151668","3.151668000","2.751181000","238","296","66.203.127.13","443","10.0.0.2","54278","244","37267","635"
"3.151702","3.151702000","2.751215000","239","296","66.203.127.13","443","10.0.0.2","54278","244","37511","635"
"3.213034","3.213034000","2.812547000","240","52","10.0.0.2","54278","66.203.127.13","443","0","635","23115"
"3.213624","3.213624000","2.813137000","241","296","66.203.127.13","443","10.0.0.2","54278","244","37755","635"
"3.213660","3.213660000","2.813173000","242","296","66.203.127.13","443","10.0.0.2","54278","244","37999","635"
"3.213710","3.213710000","2.813223000","243","296","66.203.127.13","443","10.0.0.2","54278","244","38243","635"
"3.213723","3.213723000","2.813236000","244","296","66.203.127.13","443","10.0.0.2","54278","244","38487","635"
"3.213768","3.213768000","2.813281000","245","296","66.203.127.13","443","10.0.0.2","54278","244","38731","635"
"3.213780","3.213780000","2.813293000","246","296","66.203.127.13","443","10.0.0.2","54278","244","38975","635"
"3.275908","3.275908000","2.875421000","247","52","10.0.0.2","54278","66.203.127.13","443","0","635","24335"
"3.276482","3.276482000","2.875995000","248","296","66.203.127.13","443","10.0.0.2","54278","244","39219","635"
"3.276517","3.276517000","2.876030000","249","296","66.203.127.13","443","10.0.0.2","54278","244","39463","635"
"3.276568","3.276568000","2.876081000","250","296","66.203.127.13","443","10.0.0.2","54278","244","39707","635"
"3.276580","3.276580000","2.876093000","251","296","66.203.127.13","443","10.0.0.2","54278","244","39951","635"
"3.276613","3.276613000","2.876126000","252","296","66.203.127.13","443","10.0.0.2","54278","244","40195","635"
"3.338319","3.338319000","2.937832000","253","52","10.0.0.2","54278","66.203.127.13","443","0","635","25311"
"3.338880","3.338880000","2.938393000","254","296","66.203.127.13","443","10.0.0.2","54278","244","40439","635"
"3.338915","3.338915000","2.938428000","255","296","66.203.127.13","443","10.0.0.2","54278","244","40683","635"
"3.338967","3.338967000","2.938480000","256","296","66.203.127.13","443","10.0.0.2","54278","244","40927","635"
"3.338978","3.338978000","2.938491000","257","296","66.203.127.13","443","10.0.0.2","54278","244","41171","635"
"3.401332","3.401332000","3.000845000","258","52","10.0.0.2","54278","66.203.127.13","443","0","635","25311"
"3.401367","3.401367000","3.000880000","259","52","10.0.0.2","54278","66.203.127.13","443","0","635","25311"
"3.401388","3.401388000","3.000901000","260","52","10.0.0.2","54278","66.203.127.13","443","0","635","25311"
"3.401406","3.401406000","3.000919000","261","52","10.0.0.2","54278","66.203.127.13","443","0","635","25311"
"3.401423","3.401423000","3.000936000","262","52","10.0.0.2","54278","66.203.127.13","443","0","635","25311"
"3.401923","3.401923000","3.001436000","263","296","66.203.127.13","443","10.0.0.2","54278","244","41415","635"
"3.401959","3.401959000","3.001472000","264","296","66.203.127.13","443","10.0.0.2","54278","244","41659","635"
"3.402010","3.402010000","3.001523000","265","296","66.203.127.13","443","10.0.0.2","54278","244","25311","635"
"3.402022","3.402022000","3.001535000","266","296","66.203.127.13","443","10.0.0.2","54278","244","41903","635"
"3.462506","3.462506000","3.062019000","267","52","10.0.0.2","54278","66.203.127.13","443","0","635","25311"
"3.462534","3.462534000","3.062047000","268","52","10.0.0.2","54278","66.203.127.13","443","0","635","25311"
"3.462552","3.462552000","3.062065000","269","52","10.0.0.2","54278","66.203.127.13","443","0","635","25311"
"3.462567","3.462567000","3.062080000","270","52","10.0.0.2","54278","66.203.127.13","443","0","635","25311"
"3.462583","3.462583000","3.062096000","271","52","10.0.0.2","54278","66.203.127.13","443","0","635","25311"
"3.463031","3.463031000","3.062544000","272","296","66.203.127.13","443","10.0.0.2","54278","244","42147","635"
"3.463108","3.463108000","3.062621000","273","296","66.203.127.13","443","10.0.0.2","54278","244","42391","635"
"3.463122","3.463122000","3.062635000","274","296","66.203.127.13","443","10.0.0.2","54278","244","42635","635"
"3.525644","3.525644000","3.125157000","275","52","10.0.0.2","54278","66.203.127.13","443","0","635","25311"
"3.525677","3.525677000","3.125190000","276","52","10.0.0.2","54278","66.203.127.13","443","0","635","25311"
"3.525698","3.525698000","3.125211000","277","52","10.0.0.2","54278","66.203.127.13","443","0","635","25311"
"3.525718","3.525718000","3.125231000","278","52","10.0.0.2","54278","66.203.127.13","443","0","635","25311"
"3.525736","3.525736000","3.125249000","279","52","10.0.0.2","54278","66.203.127.13","443","0","635","25311"
"3.526121","3.526121000","3.125634000","280","296","66.203.127.13","443","10.0.0.2","54278","244","42879","635"
"3.526156","3.526156000","3.125669000","281","296","66.203.127.13","443","10.0.0.2","54278","244","43123","635"
"3.526295","3.526295000","3.125808000","282","296","66.203.127.13","443","10.0.0.2","54278","244","43367","635"
"3.526315","3.526315000","3.125828000","283","296","66.203.127.13","443","10.0.0.2","54278","244","43611","635"
"3.587606","3.587606000","3.187119000","284","52","10.0.0.2","54278","66.203.127.13","443","0","635","25311"
"3.587638","3.587638000","3.187151000","285","52","10.0.0.2","54278","66.203.127.13","443","0","635","25311"
"3.587659","3.587659000","3.187172000","286","52","10.0.0.2","54278","66.203.127.13","443","0","635","25311"
"3.587679","3.587679000","3.187192000","287","52","10.0.0.2","54278","66.203.127.13","443","0","635","25311"
"3.587699","3.587699000","3.187212000","288","52","10.0.0.2","54278","66.203.127.13","443","0","635","25311"
"3.588080","3.588080000","3.187593000","289","296","66.203.127.13","443","10.0.0.2","54278","244","43855","635"
"3.588157","3.588157000","3.187670000","290","296","66.203.127.13","443","10.0.0.2","54278","244","44099","635"
"3.588170","3.588170000","3.187683000","291","296","66.203.127.13","443","10.0.0.2","54278","244","44343","635"
"3.650713","3.650713000","3.250226000","292","52","10.0.0.2","54278","66.203.127.13","443","0","635","25311"
"3.650748","3.650748000","3.250261000","293","52","10.0.0.2","54278","66.203.127.13","443","0","635","25311"
"3.650766","3.650766000","3.250279000","294","52","10.0.0.2","54278","66.203.127.13","443","0","635","25311"
"3.650778","3.650778000","3.250291000","295","52","10.0.0.2","54278","66.203.127.13","443","0","635","25311"
"3.650790","3.650790000","3.250303000","296","52","10.0.0.2","54278","66.203.127.13","443","0","635","25311"
"3.651240","3.651240000","3.250753000","297","296","66.203.127.13","443","10.0.0.2","54278","244","44587","635"
"3.651290","3.651290000","3.250803000","298","296","66.203.127.13","443","10.0.0.2","54278","244","44831","635"
"3.651343","3.651343000","3.250856000","299","296","66.203.127.13","443","10.0.0.2","54278","244","45075","635"
"3.651356","3.651356000","3.250869000","300","296","66.203.127.13","443","10.0.0.2","54278","244","45319","635"
"3.713165","3.713165000","3.312678000","301","52","10.0.0.2","54278","66.203.127.13","443","0","635","25311"
"3.713196","3.713196000","3.312709000","302","52","10.0.0.2","54278","66.203.127.13","443","0","635","25311"
"3.713215","3.713215000","3.312728000","303","52","10.0.0.2","54278","66.203.127.13","443","0","635","25311"
"3.713274","3.713274000","3.312787000","304","52","10.0.0.2","54278","66.203.127.13","443","0","635","25311"
"3.713293","3.713293000","3.312806000","305","52","10.0.0.2","54278","66.203.127.13","443","0","635","25311"
"3.713692","3.713692000","3.313205000","306","296","66.203.127.13","443","10.0.0.2","54278","244","45563","635"
"3.713770","3.713770000","3.313283000","307","296","66.203.127.13","443","10.0.0.2","54278","244","45807","635"
"3.713784","3.713784000","3.313297000","308","296","66.203.127.13","443","10.0.0.2","54278","244","46051","635"
"3.775701","3.775701000","3.375214000","309","52","10.0.0.2","54278","66.203.127.13","443","0","635","25311"
"3.775730","3.775730000","3.375243000","310","52","10.0.0.2","54278","66.203.127.13","443","0","635","25311"
"3.775749","3.775749000","3.375262000","311","52","10.0.0.2","54278","66.203.127.13","443","0","635","25311"
"3.775765","3.775765000","3.375278000","312","52","10.0.0.2","54278","66.203.127.13","443","0","635","25311"
"3.775779","3.775779000","3.375292000","313","52","10.0.0.2","54278","66.203.127.13","443","0","635","25311"
"3.776287","3.776287000","3.375800000","314","296","66.203.127.13","443","10.0.0.2","54278","244","46295","635"
"3.776322","3.776322000","3.375835000","315","296","66.203.127.13","443","10.0.0.2","54278","244","46539","635"
"3.776361","3.776361000","3.375874000","316","296","66.203.127.13","443","10.0.0.2","54278","244","46783","635"
"3.776433","3.776433000","3.375946000","317","296","66.203.127.13","443","10.0.0.2","54278","244","47027","635"
"3.838246","3.838246000","3.437759000","318","52","10.0.0.2","54278","66.203.127.13","443","0","635","25311"
"3.838295","3.838295000","3.437808000","319","52","10.0.0.2","54278","66.203.127.13","443","0","635","25311"
"3.838313","3.838313000","3.437826000","320","52","10.0.0.2","54278","66.203.127.13","443","0","635","25311"
"3.838328","3.838328000","3.437841000","321","52","10.0.0.2","54278","66.203.127.13","443","0","635","25311"
"3.838342","3.838342000","3.437855000","322","52","10.0.0.2","54278","66.203.127.13","443","0","635","25311"
"3.838756","3.838756000","3.438269000","323","296","66.203.127.13","443","10.0.0.2","54278","244","47271","635"
"3.838834","3.838834000","3.438347000","324","296","66.203.127.13","443","10.0.0.2","54278","244","47515","635"
"3.838847","3.838847000","3.438360000","325","296","66.203.127.13","443","10.0.0.2","54278","244","47759","635"
"3.900448","3.900448000","3.499961000","326","52","10.0.0.2","54278","66.203.127.13","443","0","635","25311"
"3.900477","3.900477000","3.499990000","327","52","10.0.0.2","54278","66.203.127.13","443","0","635","25311"
"3.900496","3.900496000","3.500009000","328","52","10.0.0.2","54278","66.203.127.13","443","0","635","25311"
"3.900512","3.900512000","3.500025000","329","52","10.0.0.2","54278","66.203.127.13","443","0","635","25311"
"3.900526","3.900526000","3.500039000","330","52","10.0.0.2","54278","66.203.127.13","443","0","635","25311"
"3.901091","3.901091000","3.500604000","331","296","66.203.127.13","443","10.0.0.2","54278","244","48003","635"
"3.901125","3.901125000","3.500638000","332","296","66.203.127.13","443","10.0.0.2","54278","244","48247","635"
"3.901163","3.901163000","3.500676000","333","296","66.203.127.13","443","10.0.0.2","54278","244","48491","635"
"3.963095","3.963095000","3.562608000","334","52","10.0.0.2","54278","66.203.127.13","443","0","635","25311"
"3.963126","3.963126000","3.562639000","335","52","10.0.0.2","54278","66.203.127.13","443","0","635","25311"
"3.963146","3.963146000","3.562659000","336","52","10.0.0.2","54278","66.203.127.13","443","0","635","25311"
"3.963163","3.963163000","3.562676000","337","52","10.0.0.2","54278","66.203.127.13","443","0","635","25311"
"3.963177","3.963177000","3.562690000","338","52","10.0.0.2","54278","66.203.127.13","443","0","635","25311"
"4.025538","4.025538000","3.625051000","339","52","10.0.0.2","54278","66.203.127.13","443","0","635","25311"
"4.025567","4.025567000","3.625080000","340","52","10.0.0.2","54278","66.203.127.13","443","0","635","25311"
"4.025585","4.025585000","3.625098000","341","52","10.0.0.2","54278","66.203.127.13","443","0","635","25311"
"4.025600","4.025600000","3.625113000","342","52","10.0.0.2","54278","66.203.127.13","443","0","635","25311"
"4.025615","4.025615000","3.625128000","343","52","10.0.0.2","54278","66.203.127.13","443","0","635","25311"
"4.087905","4.087905000","3.687418000","344","52","10.0.0.2","54278","66.203.127.13","443","0","635","25555"
"4.087935","4.087935000","3.687448000","345","52","10.0.0.2","54278","66.203.127.13","443","0","635","25555"
"4.087954","4.087954000","3.687467000","346","52","10.0.0.2","54278","66.203.127.13","443","0","635","25555"
"4.087970","4.087970000","3.687483000","347","52","10.0.0.2","54278","66.203.127.13","443","0","635","25555"
"4.087985","4.087985000","3.687498000","348","52","10.0.0.2","54278","66.203.127.13","443","0","635","25555"
"4.088405","4.088405000","3.687918000","349","296","66.203.127.13","443","10.0.0.2","54278","244","25555","635"
"4.151425","4.151425000","3.750938000","350","52","10.0.0.2","54278","66.203.127.13","443","0","635","25555"
"4.151455","4.151455000","3.750968000","351","52","10.0.0.2","54278","66.203.127.13","443","0","635","25555"
"4.151476","4.151476000","3.750989000","352","52","10.0.0.2","54278","66.203.127.13","443","0","635","25555"
"4.151492","4.151492000","3.751005000","353","52","10.0.0.2","54278","66.203.127.13","443","0","635","25555"
"4.151507","4.151507000","3.751020000","354","52","10.0.0.2","54278","66.203.127.13","443","0","635","25555"
"4.212512","4.212512000","3.812025000","355","52","10.0.0.2","54278","66.203.127.13","443","0","635","25555"
"4.212540","4.212540000","3.812053000","356","52","10.0.0.2","54278","66.203.127.13","443","0","635","25555"
"4.212561","4.212561000","3.812074000","357","52","10.0.0.2","54278","66.203.127.13","443","0","635","25555"
"4.212577","4.212577000","3.812090000","358","52","10.0.0.2","54278","66.203.127.13","443","0","635","25555"
"4.212591","4.212591000","3.812104000","359","52","10.0.0.2","54278","66.203.127.13","443","0","635","25555"
"4.276167","4.276167000","3.875680000","360","52","10.0.0.2","54278","66.203.127.13","443","0","635","25555"
"4.276200","4.276200000","3.875713000","361","52","10.0.0.2","54278","66.203.127.13","443","0","635","25555"
"4.276242","4.276242000","3.875755000","362","52","10.0.0.2","54278","66.203.127.13","443","0","635","25555"
"4.276271","4.276271000","3.875784000","363","52","10.0.0.2","54278","66.203.127.13","443","0","635","25555"
"4.276291","4.276291000","3.875804000","364","52","10.0.0.2","54278","66.203.127.13","443","0","635","25555"
"4.337576","4.337576000","3.937089000","365","52","10.0.0.2","54278","66.203.127.13","443","0","635","25555"
"4.337604","4.337604000","3.937117000","366","52","10.0.0.2","54278","66.203.127.13","443","0","635","25555"
"4.337623","4.337623000","3.937136000","367","52","10.0.0.2","54278","66.203.127.13","443","0","635","25555"
"4.337639","4.337639000","3.937152000","368","52","10.0.0.2","54278","66.203.127.13","443","0","635","25555"
"4.337653","4.337653000","3.937166000","369","52","10.0.0.2","54278","66.203.127.13","443","0","635","25555"
"4.400860","4.400860000","4.000373000","370","52","10.0.0.2","54278","66.203.127.13","443","0","635","25555"
"4.400890","4.400890000","4.000403000","371","52","10.0.0.2","54278","66.203.127.13","443","0","635","25555"
"4.400910","4.400910000","4.000423000","372","52","10.0.0.2","54278","66.203.127.13","443","0","635","25555"
"4.400926","4.400926000","4.000439000","373","52","10.0.0.2","54278","66.203.127.13","443","0","635","25555"
"4.400941","4.400941000","4.000454000","374","52","10.0.0.2","54278","66.203.127.13","443","0","635","25799"
"4.401619","4.401619000","4.001132000","375","296","66.203.127.13","443","10.0.0.2","54278","244","25799","635"
"4.527451","4.527451000",,"376","48",,,,,,,
"4.713185","4.713185000","4.312698000","377","52","10.0.0.2","54278","66.203.127.13","443","0","635","26043"
"4.713853","4.713853000","4.313366000","378","296","66.203.127.13","443","10.0.0.2","54278","244","26043","635"
"5.025558","5.025558000","4.625071000","379","52","10.0.0.2","54278","66.203.127.13","443","0","635","26287"
"5.026449","5.026449000","4.625962000","380","296","66.203.127.13","443","10.0.0.2","54278","244","26287","635"
"5.026491","5.026491000","4.626004000","381","296","66.203.127.13","443","10.0.0.2","54278","244","48735","635"
"5.026545","5.026545000","4.626058000","382","296","66.203.127.13","443","10.0.0.2","54278","244","48979","635"
"5.026558","5.026558000","4.626071000","383","296","66.203.127.13","443","10.0.0.2","54278","244","49223","635"
"5.026604","5.026604000","4.626117000","384","296","66.203.127.13","443","10.0.0.2","54278","244","49467","635"
"5.026616","5.026616000","4.626129000","385","296","66.203.127.13","443","10.0.0.2","54278","244","49711","635"
"5.026661","5.026661000","4.626174000","386","296","66.203.127.13","443","10.0.0.2","54278","244","49955","635"
"5.026672","5.026672000","4.626185000","387","296","66.203.127.13","443","10.0.0.2","54278","244","50199","635"
"5.026716","5.026716000","4.626229000","388","296","66.203.127.13","443","10.0.0.2","54278","244","50443","635"
"5.026738","5.026738000","4.626251000","389","296","66.203.127.13","443","10.0.0.2","54278","244","50687","635"
"5.026784","5.026784000","4.626297000","390","296","66.203.127.13","443","10.0.0.2","54278","244","50931","635"
"5.026800","5.026800000","4.626313000","391","296","66.203.127.13","443","10.0.0.2","54278","244","51175","635"
"5.026849","5.026849000","4.626362000","392","296","66.203.127.13","443","10.0.0.2","54278","244","51419","635"
"5.026863","5.026863000","4.626376000","393","296","66.203.127.13","443","10.0.0.2","54278","244","51663","635"
"5.026910","5.026910000","4.626423000","394","296","66.203.127.13","443","10.0.0.2","54278","244","51907","635"
"5.026923","5.026923000","4.626436000","395","296","66.203.127.13","443","10.0.0.2","54278","244","52151","635"
"5.026968","5.026968000","4.626481000","396","296","66.203.127.13","443","10.0.0.2","54278","244","52395","635"
"5.026981","5.026981000","4.626494000","397","296","66.203.127.13","443","10.0.0.2","54278","244","52639","635"
"5.027026","5.027026000","4.626539000","398","296","66.203.127.13","443","10.0.0.2","54278","244","52883","635"
"5.027039","5.027039000","4.626552000","399","296","66.203.127.13","443","10.0.0.2","54278","244","53127","635"
"5.027084","5.027084000","4.626597000","400","296","66.203.127.13","443","10.0.0.2","54278","244","53371","635"
"5.027097","5.027097000","4.626610000","401","296","66.203.127.13","443","10.0.0.2","54278","244","53615","635"
"5.027142","5.027142000","4.626655000","402","296","66.203.127.13","443","10.0.0.2","54278","244","53859","635"
"5.027153","5.027153000","4.626666000","403","296","66.203.127.13","443","10.0.0.2","54278","244","54103","635"
"5.027199","5.027199000","4.626712000","404","296","66.203.127.13","443","10.0.0.2","54278","244","54347","635"
"5.027210","5.027210000","4.626723000","405","296","66.203.127.13","443","10.0.0.2","54278","244","54591","635"
"5.027291","5.027291000","4.626804000","406","296","66.203.127.13","443","10.0.0.2","54278","244","54835","635"
"5.027307","5.027307000","4.626820000","407","296","66.203.127.13","443","10.0.0.2","54278","244","55079","635"
"5.027353","5.027353000","4.626866000","408","296","66.203.127.13","443","10.0.0.2","54278","244","55323","635"
"5.027364","5.027364000","4.626877000","409","296","66.203.127.13","443","10.0.0.2","54278","244","55567","635"
"5.027409","5.027409000","4.626922000","410","296","66.203.127.13","443","10.0.0.2","54278","244","55811","635"
"5.027426","5.027426000","4.626939000","411","296","66.203.127.13","443","10.0.0.2","54278","244","56055","635"
"5.027473","5.027473000","4.626986000","412","296","66.203.127.13","443","10.0.0.2","54278","244","56299","635"
"5.027486","5.027486000","4.626999000","413","296","66.203.127.13","443","10.0.0.2","54278","244","56543","635"
"5.027531","5.027531000","4.627044000","414","296","66.203.127.13","443","10.0.0.2","54278","244","56787","635"
"5.027544","5.027544000","4.627057000","415","296","66.203.127.13","443","10.0.0.2","54278","244","57031","635"
"5.027578","5.027578000","4.627091000","416","296","66.203.127.13","443","10.0.0.2","54278","244","57275","635"
"5.039330","5.039330000",,"417","48",,,,,,,
"5.337839","5.337839000","4.937352000","418","52","10.0.0.2","54278","66.203.127.13","443","0","635","27751"
"5.337866","5.337866000","4.937379000","419","52","10.0.0.2","54278","66.203.127.13","443","0","635","27751"
"5.337886","5.337886000","4.937399000","420","52","10.0.0.2","54278","66.203.127.13","443","0","635","27751"
"5.337902","5.337902000","4.937415000","421","52","10.0.0.2","54278","66.203.127.13","443","0","635","27751"
"5.337918","5.337918000","4.937431000","422","52","10.0.0.2","54278","66.203.127.13","443","0","635","27751"
"5.338365","5.338365000","4.937878000","423","296","66.203.127.13","443","10.0.0.2","54278","244","27751","635"
"5.338402","5.338402000","4.937915000","424","296","66.203.127.13","443","10.0.0.2","54278","244","57519","635"
"5.338455","5.338455000","4.937968000","425","296","66.203.127.13","443","10.0.0.2","54278","244","57763","635"
"5.338467","5.338467000","4.937980000","426","296","66.203.127.13","443","10.0.0.2","54278","244","58007","635"
"5.338502","5.338502000","4.938015000","427","296","66.203.127.13","443","10.0.0.2","54278","244","58251","635"
"5.338570","5.338570000","4.938083000","428","296","66.203.127.13","443","10.0.0.2","54278","244","58495","635"
"5.401174","5.401174000","5.000687000","429","52","10.0.0.2","54278","66.203.127.13","443","0","635","27751"
"5.401204","5.401204000","5.000717000","430","52","10.0.0.2","54278","66.203.127.13","443","0","635","27751"
"5.401244","5.401244000","5.000757000","431","52","10.0.0.2","54278","66.203.127.13","443","0","635","27751"
"5.401275","5.401275000","5.000788000","432","52","10.0.0.2","54278","66.203.127.13","443","0","635","27751"
"5.401287","5.401287000","5.000800000","433","52","10.0.0.2","54278","66.203.127.13","443","0","635","27751"
"5.401674","5.401674000","5.001187000","434","296","66.203.127.13","443","10.0.0.2","54278","244","58739","635"
"5.401710","5.401710000","5.001223000","435","296","66.203.127.13","443","10.0.0.2","54278","244","58983","635"
"5.401762","5.401762000","5.001275000","436","296","66.203.127.13","443","10.0.0.2","54278","244","59227","635"
"5.401774","5.401774000","5.001287000","437","296","66.203.127.13","443","10.0.0.2","54278","244","59471","635"
"5.401895","5.401895000","5.001408000","438","296","66.203.127.13","443","10.0.0.2","54278","244","59715","635"
"5.463379","5.463379000","5.062892000","439","52","10.0.0.2","54278","66.203.127.13","443","0","635","27751"
"5.463410","5.463410000","5.062923000","440","52","10.0.0.2","54278","66.203.127.13","443","0","635","27751"
"5.463431","5.463431000","5.062944000","441","52","10.0.0.2","54278","66.203.127.13","443","0","635","27751"
"5.463444","5.463444000","5.062957000","442","52","10.0.0.2","54278","66.203.127.13","443","0","635","27751"
"5.463455","5.463455000","5.062968000","443","52","10.0.0.2","54278","66.203.127.13","443","0","635","27751"
"5.463902","5.463902000","5.063415000","444","296","66.203.127.13","443","10.0.0.2","54278","244","59959","635"
"5.463938","5.463938000","5.063451000","445","296","66.203.127.13","443","10.0.0.2","54278","244","60203","635"
"5.526263","5.526263000","5.125776000","446","52","10.0.0.2","54278","66.203.127.13","443","0","635","27751"
"5.526313","5.526313000","5.125826000","447","52","10.0.0.2","54278","66.203.127.13","443","0","635","27751"
"5.526333","5.526333000","5.125846000","448","52","10.0.0.2","54278","66.203.127.13","443","0","635","27751"
"5.526352","5.526352000","5.125865000","449","52","10.0.0.2","54278","66.203.127.13","443","0","635","27751"
"5.526372","5.526372000","5.125885000","450","52","10.0.0.2","54278","66.203.127.13","443","0","635","27751"
"5.587630","5.587630000","5.187143000","451","52","10.0.0.2","54278","66.203.127.13","443","0","635","27751"
"5.587660","5.587660000","5.187173000","452","52","10.0.0.2","54278","66.203.127.13","443","0","635","27751"
"5.587682","5.587682000","5.187195000","453","52","10.0.0.2","54278","66.203.127.13","443","0","635","27751"
"5.587702","5.587702000","5.187215000","454","52","10.0.0.2","54278","66.203.127.13","443","0","635","27751"
"5.587721","5.587721000","5.187234000","455","52","10.0.0.2","54278","66.203.127.13","443","0","635","27751"
"5.650637","5.650637000","5.250150000","456","52","10.0.0.2","54278","66.203.127.13","443","0","635","27751"
"5.650665","5.650665000","5.250178000","457","52","10.0.0.2","54278","66.203.127.13","443","0","635","27751"
"5.650685","5.650685000","5.250198000","458","52","10.0.0.2","54278","66.203.127.13","443","0","635","27751"
"5.650700","5.650700000","5.250213000","459","52","10.0.0.2","54278","66.203.127.13","443","0","635","27751"
"5.650716","5.650716000","5.250229000","460","52","10.0.0.2","54278","66.203.127.13","443","0","635","27751"
"5.712971","5.712971000","5.312484000","461","52","10.0.0.2","54278","66.203.127.13","443","0","635","27751"
"5.713001","5.713001000","5.312514000","462","52","10.0.0.2","54278","66.203.127.13","443","0","635","27751"
"5.713021","5.713021000","5.312534000","463","52","10.0.0.2","54278","66.203.127.13","443","0","635","27751"
"5.713038","5.713038000","5.312551000","464","52","10.0.0.2","54278","66.203.127.13","443","0","635","27995"
"5.713055","5.713055000","5.312568000","465","52","10.0.0.2","54278","66.203.127.13","443","0","635","27995"
"5.713748","5.713748000","5.313261000","466","296","66.203.127.13","443","10.0.0.2","54278","244","27995","635"
"5.775446","5.775446000","5.374959000","467","52","10.0.0.2","54278","66.203.127.13","443","0","635","27995"
"5.775474","5.775474000","5.374987000","468","52","10.0.0.2","54278","66.203.127.13","443","0","635","27995"
"5.775493","5.775493000","5.375006000","469","52","10.0.0.2","54278","66.203.127.13","443","0","635","27995"
"5.775509","5.775509000","5.375022000","470","52","10.0.0.2","54278","66.203.127.13","443","0","635","27995"
"5.775525","5.775525000","5.375038000","471","52","10.0.0.2","54278","66.203.127.13","443","0","635","27995"
"5.837606","5.837606000","5.437119000","472","52","10.0.0.2","54278","66.203.127.13","443","0","635","27995"
"5.837634","5.837634000","5.437147000","473","52","10.0.0.2","54278","66.203.127.13","443","0","635","27995"
"5.837647","5.837647000","5.437160000","474","52","10.0.0.2","54278","66.203.127.13","443","0","635","27995"
"5.837659","5.837659000","5.437172000","475","52","10.0.0.2","54278","66.203.127.13","443","0","635","27995"
"5.837670","5.837670000","5.437183000","476","52","10.0.0.2","54278","66.203.127.13","443","0","635","27995"
"5.900904","5.900904000","5.500417000","477","52","10.0.0.2","54278","66.203.127.13","443","0","635","27995"
"6.026356","6.026356000","5.625869000","478","52","10.0.0.2","54278","66.203.127.13","443","0","635","28239"
"6.026871","6.026871000","5.626384000","479","296","66.203.127.13","443","10.0.0.2","54278","244","28239","635"
"6.337539","6.337539000","5.937052000","480","52","10.0.0.2","54278","66.203.127.13","443","0","635","28483"
"6.338102","6.338102000","5.937615000","481","296","66.203.127.13","443","10.0.0.2","54278","244","28483","635"
"6.650750","6.650750000","6.250263000","482","52","10.0.0.2","54278","66.203.127.13","443","0","635","28727"
"6.651385","6.651385000","6.250898000","483","296","66.203.127.13","443","10.0.0.2","54278","244","28727","635"
"6.962997","6.962997000","6.562510000","484","52","10.0.0.2","54278","66.203.127.13","443","0","635","33851"
"6.963662","6.963662000","6.563175000","485","296","66.203.127.13","443","10.0.0.2","54278","244","33851","635"
"7.276288","7.276288000","6.875801000","486","52","10.0.0.2","54278","66.203.127.13","443","0","635","38975"
"7.277056","7.277056000","6.876569000","487","296","66.203.127.13","443","10.0.0.2","54278","244","38975","635"
"7.277094","7.277094000","6.876607000","488","296","66.203.127.13","443","10.0.0.2","54278","244","60447","635"
"7.277148","7.277148000","6.876661000","489","296","66.203.127.13","443","10.0.0.2","54278","244","60691","635"
"7.277161","7.277161000","6.876674000","490","296","66.203.127.13","443","10.0.0.2","54278","244","60935","635"
"7.277207","7.277207000","6.876720000","491","296","66.203.127.13","443","10.0.0.2","54278","244","61179","635"
"7.277244","7.277244000","6.876757000","492","296","66.203.127.13","443","10.0.0.2","54278","244","61423","635"
"7.277299","7.277299000","6.876812000","493","296","66.203.127.13","443","10.0.0.2","54278","244","61667","635"
"7.277312","7.277312000","6.876825000","494","296","66.203.127.13","443","10.0.0.2","54278","244","61911","635"
"7.277357","7.277357000","6.876870000","495","296","66.203.127.13","443","10.0.0.2","54278","244","62155","635"
"7.277369","7.277369000","6.876882000","496","296","66.203.127.13","443","10.0.0.2","54278","244","62399","635"
"7.277415","7.277415000","6.876928000","497","296","66.203.127.13","443","10.0.0.2","54278","244","62643","635"
"7.277428","7.277428000","6.876941000","498","296","66.203.127.13","443","10.0.0.2","54278","244","62887","635"
"7.277473","7.277473000","6.876986000","499","296","66.203.127.13","443","10.0.0.2","54278","244","63131","635"
"7.277487","7.277487000","6.877000000","500","296","66.203.127.13","443","10.0.0.2","54278","244","63375","635"
"7.277532","7.277532000","6.877045000","501","296","66.203.127.13","443","10.0.0.2","54278","244","63619","635"
"7.277546","7.277546000","6.877059000","502","296","66.203.127.13","443","10.0.0.2","54278","244","63863","635"
"7.277592","7.277592000","6.877105000","503","296","66.203.127.13","443","10.0.0.2","54278","244","64107","635"
"7.277603","7.277603000","6.877116000","504","296","66.203.127.13","443","10.0.0.2","54278","244","64351","635"
"7.277649","7.277649000","6.877162000","505","296","66.203.127.13","443","10.0.0.2","54278","244","64595","635"
"7.277661","7.277661000","6.877174000","506","296","66.203.127.13","443","10.0.0.2","54278","244","64839","635"
"7.277707","7.277707000","6.877220000","507","296","66.203.127.13","443","10.0.0.2","54278","244","65083","635"
"7.277718","7.277718000","6.877231000","508","296","66.203.127.13","443","10.0.0.2","54278","244","65327","635"
"7.277763","7.277763000","6.877276000","509","296","66.203.127.13","443","10.0.0.2","54278","244","65571","635"
"7.277775","7.277775000","6.877288000","510","296","66.203.127.13","443","10.0.0.2","54278","244","65815","635"
"7.277819","7.277819000","6.877332000","511","296","66.203.127.13","443","10.0.0.2","54278","244","66059","635"
"7.277832","7.277832000","6.877345000","512","296","66.203.127.13","443","10.0.0.2","54278","244","66303","635"
"7.277877","7.277877000","6.877390000","513","296","66.203.127.13","443","10.0.0.2","54278","244","66547","635"
"7.277888","7.277888000","6.877401000","514","296","66.203.127.13","443","10.0.0.2","54278","244","66791","635"
"7.277933","7.277933000","6.877446000","515","296","66.203.127.13","443","10.0.0.2","54278","244","67035","635"
"7.277945","7.277945000","6.877458000","516","296","66.203.127.13","443","10.0.0.2","54278","244","67279","635"
"7.277990","7.277990000","6.877503000","517","296","66.203.127.13","443","10.0.0.2","54278","244","67523","635"
"7.278004","7.278004000","6.877517000","518","296","66.203.127.13","443","10.0.0.2","54278","244","67767","635"
"7.278048","7.278048000","6.877561000","519","296","66.203.127.13","443","10.0.0.2","54278","244","68011","635"
"7.278059","7.278059000","6.877572000","520","296","66.203.127.13","443","10.0.0.2","54278","244","68255","635"
"7.278103","7.278103000","6.877616000","521","296","66.203.127.13","443","10.0.0.2","54278","244","68499","635"
"7.278115","7.278115000","6.877628000","522","296","66.203.127.13","443","10.0.0.2","54278","244","68743","635"
"7.278160","7.278160000","6.877673000","523","296","66.203.127.13","443","10.0.0.2","54278","244","68987","635"
"7.278173","7.278173000","6.877686000","524","296","66.203.127.13","443","10.0.0.2","54278","244","69231","635"
"7.278229","7.278229000","6.877742000","525","296","66.203.127.13","443","10.0.0.2","54278","244","69475","635"
"7.278241","7.278241000","6.877754000","526","296","66.203.127.13","443","10.0.0.2","54278","244","69719","635"
"7.587584","7.587584000","7.187097000","527","52","10.0.0.2","54278","66.203.127.13","443","0","635","56543"
"7.587614","7.587614000","7.187127000","528","52","10.0.0.2","54278","66.203.127.13","443","0","635","56543"
"7.587632","7.587632000","7.187145000","529","52","10.0.0.2","54278","66.203.127.13","443","0","635","56543"
"7.587649","7.587649000","7.187162000","530","52","10.0.0.2","54278","66.203.127.13","443","0","635","56543"
"7.587665","7.587665000","7.187178000","531","52","10.0.0.2","54278","66.203.127.13","443","0","635","56543"
"7.588260","7.588260000","7.187773000","532","296","66.203.127.13","443","10.0.0.2","54278","244","56543","635"
"7.650840","7.650840000","7.250353000","533","52","10.0.0.2","54278","66.203.127.13","443","0","635","56543"
"7.650875","7.650875000","7.250388000","534","52","10.0.0.2","54278","66.203.127.13","443","0","635","56543"
"7.650893","7.650893000","7.250406000","535","52","10.0.0.2","54278","66.203.127.13","443","0","635","56543"
"7.650906","7.650906000","7.250419000","536","52","10.0.0.2","54278","66.203.127.13","443","0","635","56543"
"7.650919","7.650919000","7.250432000","537","52","10.0.0.2","54278","66.203.127.13","443","0","635","56543"
"7.651332","7.651332000","7.250845000","538","296","66.203.127.13","443","10.0.0.2","54278","244","69963","635"
"7.651369","7.651369000","7.250882000","539","296","66.203.127.13","443","10.0.0.2","54278","244","70207","635"
"7.651581","7.651581000","7.251094000","540","296","66.203.127.13","443","10.0.0.2","54278","244","70451","635"
"7.713311","7.713311000","7.312824000","541","52","10.0.0.2","54278","66.203.127.13","443","0","635","56543"
"7.713338","7.713338000","7.312851000","542","52","10.0.0.2","54278","66.203.127.13","443","0","635","56543"
"7.713350","7.713350000","7.312863000","543","52","10.0.0.2","54278","66.203.127.13","443","0","635","56543"
"7.713361","7.713361000","7.312874000","544","52","10.0.0.2","54278","66.203.127.13","443","0","635","56543"
"7.713372","7.713372000","7.312885000","545","52","10.0.0.2","54278","66.203.127.13","443","0","635","56543"
"7.713783","7.713783000","7.313296000","546","296","66.203.127.13","443","10.0.0.2","54278","244","70695","635"
"7.713859","7.713859000","7.313372000","547","296","66.203.127.13","443","10.0.0.2","54278","244","70939","635"
"7.713873","7.713873000","7.313386000","548","296","66.203.127.13","443","10.0.0.2","54278","244","71183","635"
"7.776069","7.776069000","7.375582000","549","52","10.0.0.2","54278","66.203.127.13","443","0","635","56543"
"7.776101","7.776101000","7.375614000","550","52","10.0.0.2","54278","66.203.127.13","443","0","635","56543"
"7.776121","7.776121000","7.375634000","551","52","10.0.0.2","54278","66.203.127.13","443","0","635","56543"
"7.776140","7.776140000","7.375653000","552","52","10.0.0.2","54278","66.203.127.13","443","0","635","56543"
"7.776158","7.776158000","7.375671000","553","52","10.0.0.2","54278","66.203.127.13","443","0","635","56543"
"7.776613","7.776613000","7.376126000","554","296","66.203.127.13","443","10.0.0.2","54278","244","71427","635"
"7.776648","7.776648000","7.376161000","555","296","66.203.127.13","443","10.0.0.2","54278","244","71671","635"
"7.776687","7.776687000","7.376200000","556","296","66.203.127.13","443","10.0.0.2","54278","244","71915","635"
"7.776762","7.776762000","7.376275000","557","296","66.203.127.13","443","10.0.0.2","54278","244","72159","635"
"7.838306","7.838306000","7.437819000","558","52","10.0.0.2","54278","66.203.127.13","443","0","635","56543"
"7.838332","7.838332000","7.437845000","559","52","10.0.0.2","54278","66.203.127.13","443","0","635","56543"
"7.838344","7.838344000","7.437857000","560","52","10.0.0.2","54278","66.203.127.13","443","0","635","56543"
"7.838356","7.838356000","7.437869000","561","52","10.0.0.2","54278","66.203.127.13","443","0","635","56543"
"7.838367","7.838367000","7.437880000","562","52","10.0.0.2","54278","66.203.127.13","443","0","635","56543"
"7.838791","7.838791000","7.438304000","563","296","66.203.127.13","443","10.0.0.2","54278","244","72403","635"
"7.838910","7.838910000","7.438423000","564","296","66.203.127.13","443","10.0.0.2","54278","244","72647","635"
"7.838926","7.838926000","7.438439000","565","296","66.203.127.13","443","10.0.0.2","54278","244","72891","635"
"7.900567","7.900567000","7.500080000","566","52","10.0.0.2","54278","66.203.127.13","443","0","635","56543"
"7.900595","7.900595000","7.500108000","567","52","10.0.0.2","54278","66.203.127.13","443","0","635","56543"
"7.900614","7.900614000","7.500127000","568","52","10.0.0.2","54278","66.203.127.13","443","0","635","56543"
"7.900629","7.900629000","7.500142000","569","52","10.0.0.2","54278","66.203.127.13","443","0","635","56543"
"7.900643","7.900643000","7.500156000","570","52","10.0.0.2","54278","66.203.127.13","443","0","635","56543"
"7.901099","7.901099000","7.500612000","571","296","66.203.127.13","443","10.0.0.2","54278","244","73135","635"
"7.901132","7.901132000","7.500645000","572","296","66.203.127.13","443","10.0.0.2","54278","244","73379","635"
"7.901169","7.901169000","7.500682000","573","296","66.203.127.13","443","10.0.0.2","54278","244","73623","635"
"7.901298","7.901298000","7.500811000","574","296","66.203.127.13","443","10.0.0.2","54278","244","73867","635"
"7.962446","7.962446000","7.561959000","575","52","10.0.0.2","54278","66.203.127.13","443","0","635","56543"
"7.962482","7.962482000","7.561995000","576","52","10.0.0.2","54278","66.203.127.13","443","0","635","56543"
"7.962501","7.962501000","7.562014000","577","52","10.0.0.2","54278","66.203.127.13","443","0","635","56543"
"7.962519","7.962519000","7.562032000","578","52","10.0.0.2","54278","66.203.127.13","443","0","635","56787"
"7.962538","7.962538000","7.562051000","579","52","10.0.0.2","54278","66.203.127.13","443","0","635","56787"
"7.962937","7.962937000","7.562450000","580","296","66.203.127.13","443","10.0.0.2","54278","244","74111","635"
"7.963013","7.963013000","7.562526000","581","296","66.203.127.13","443","10.0.0.2","54278","244","74355","635"
"7.963027","7.963027000","7.562540000","582","296","66.203.127.13","443","10.0.0.2","54278","244","56787","635"
"8.025671","8.025671000","7.625184000","583","52","10.0.0.2","54278","66.203.127.13","443","0","635","56787"
"8.025699","8.025699000","7.625212000","584","52","10.0.0.2","54278","66.203.127.13","443","0","635","56787"
"8.025717","8.025717000","7.625230000","585","52","10.0.0.2","54278","66.203.127.13","443","0","635","56787"
"8.025732","8.025732000","7.625245000","586","52","10.0.0.2","54278","66.203.127.13","443","0","635","56787"
"8.025748","8.025748000","7.625261000","587","52","10.0.0.2","54278","66.203.127.13","443","0","635","56787"
"8.026280","8.026280000","7.625793000","588","296","66.203.127.13","443","10.0.0.2","54278","244","74599","635"
"8.026315","8.026315000","7.625828000","589","296","66.203.127.13","443","10.0.0.2","54278","244","74843","635"
"8.026353","8.026353000","7.625866000","590","296","66.203.127.13","443","10.0.0.2","54278","244","75087","635"
"8.087802","8.087802000","7.687315000","591","52","10.0.0.2","54278","66.203.127.13","443","0","635","56787"
"8.087835","8.087835000","7.687348000","592","52","10.0.0.2","54278","66.203.127.13","443","0","635","56787"
"8.087856","8.087856000","7.687369000","593","52","10.0.0.2","54278","66.203.127.13","443","0","635","56787"
"8.087873","8.087873000","7.687386000","594","52","10.0.0.2","54278","66.203.127.13","443","0","635","56787"
"8.088327","8.088327000","7.687840000","595","296","66.203.127.13","443","10.0.0.2","54278","244","75331","635"
"8.088363","8.088363000","7.687876000","596","296","66.203.127.13","443","10.0.0.2","54278","244","75575","635"
"8.088405","8.088405000","7.687918000","597","296","66.203.127.13","443","10.0.0.2","54278","244","75819","635"
"8.150601","8.150601000","7.750114000","598","52","10.0.0.2","54278","66.203.127.13","443","0","635","56787"
"8.150633","8.150633000","7.750146000","599","52","10.0.0.2","54278","66.203.127.13","443","0","635","56787"
"8.150652","8.150652000","7.750165000","600","52","10.0.0.2","54278","66.203.127.13","443","0","635","56787"
"8.151138","8.151138000","7.750651000","601","296","66.203.127.13","443","10.0.0.2","54278","244","76063","635"
"8.151174","8.151174000","7.750687000","602","296","66.203.127.13","443","10.0.0.2","54278","244","76307","635"
"8.212967","8.212967000","7.812480000","603","52","10.0.0.2","54278","66.203.127.13","443","0","635","56787"
"8.212995","8.212995000","7.812508000","604","52","10.0.0.2","54278","66.203.127.13","443","0","635","56787"
"8.213013","8.213013000","7.812526000","605","52","10.0.0.2","54278","66.203.127.13","443","0","635","56787"
"8.213028","8.213028000","7.812541000","606","52","10.0.0.2","54278","66.203.127.13","443","0","635","56787"
"8.213484","8.213484000","7.812997000","607","296","66.203.127.13","443","10.0.0.2","54278","244","76551","635"
"8.213521","8.213521000","7.813034000","608","296","66.203.127.13","443","10.0.0.2","54278","244","76795","635"
"8.213724","8.213724000","7.813237000","609","296","66.203.127.13","443","10.0.0.2","54278","244","77039","635"
"8.275975","8.275975000","7.875488000","610","52","10.0.0.2","54278","66.203.127.13","443","0","635","56787"
"8.276010","8.276010000","7.875523000","611","52","10.0.0.2","54278","66.203.127.13","443","0","635","56787"
"8.276030","8.276030000","7.875543000","612","52","10.0.0.2","54278","66.203.127.13","443","0","635","57031"
"8.276489","8.276489000","7.876002000","613","296","66.203.127.13","443","10.0.0.2","54278","244","77283","635"
"8.276592","8.276592000","7.876105000","614","296","66.203.127.13","443","10.0.0.2","54278","244","57031","635"
"8.337798","8.337798000","7.937311000","615","52","10.0.0.2","54278","66.203.127.13","443","0","635","57031"
"8.337831","8.337831000","7.937344000","616","52","10.0.0.2","54278","66.203.127.13","443","0","635","57031"
"8.337852","8.337852000","7.937365000","617","52","10.0.0.2","54278","66.203.127.13","443","0","635","57031"
"8.338337","8.338337000","7.937850000","618","296","66.203.127.13","443","10.0.0.2","54278","244","77527","635"
"8.338372","8.338372000","7.937885000","619","296","66.203.127.13","443","10.0.0.2","54278","244","77771","635"
"8.401302","8.401302000","8.000815000","620","52","10.0.0.2","54278","66.203.127.13","443","0","635","57031"
"8.401338","8.401338000","8.000851000","621","52","10.0.0.2","54278","66.203.127.13","443","0","635","57031"
"8.401355","8.401355000","8.000868000","622","52","10.0.0.2","54278","66.203.127.13","443","0","635","57031"
"8.401810","8.401810000","8.001323000","623","296","66.203.127.13","443","10.0.0.2","54278","244","78015","635"
"8.401873","8.401873000","8.001386000","624","296","66.203.127.13","443","10.0.0.2","54278","244","78259","635"
"8.462993","8.462993000","8.062506000","625","52","10.0.0.2","54278","66.203.127.13","443","0","635","57031"
"8.463022","8.463022000","8.062535000","626","52","10.0.0.2","54278","66.203.127.13","443","0","635","57031"
"8.463539","8.463539000","8.063052000","627","296","66.203.127.13","443","10.0.0.2","54278","244","78503","635"
"8.525913","8.525913000","8.125426000","628","52","10.0.0.2","54278","66.203.127.13","443","0","635","57031"
"8.525946","8.525946000","8.125459000","629","52","10.0.0.2","54278","66.203.127.13","443","0","635","57031"
"8.525968","8.525968000","8.125481000","630","52","10.0.0.2","54278","66.203.127.13","443","0","635","57031"
"8.526519","8.526519000","8.126032000","631","296","66.203.127.13","443","10.0.0.2","54278","244","78747","635"
"8.526556","8.526556000","8.126069000","632","296","66.203.127.13","443","10.0.0.2","54278","244","78991","635"
"8.588351","8.588351000","8.187864000","633","52","10.0.0.2","54278","66.203.127.13","443","0","635","57031"
"8.588381","8.588381000","8.187894000","634","52","10.0.0.2","54278","66.203.127.13","443","0","635","57275"
"8.588882","8.588882000","8.188395000","635","296","66.203.127.13","443","10.0.0.2","54278","244","79235","635"
"8.588919","8.588919000","8.188432000","636","296","66.203.127.13","443","10.0.0.2","54278","244","57275","635"
"8.588970","8.588970000","8.188483000","637","296","66.203.127.13","443","10.0.0.2","54278","244","79479","635"
"8.651096","8.651096000","8.250609000","638","52","10.0.0.2","54278","66.203.127.13","443","0","635","57275"
"8.651126","8.651126000","8.250639000","639","52","10.0.0.2","54278","66.203.127.13","443","0","635","57275"
"8.651603","8.651603000","8.251116000","640","296","66.203.127.13","443","10.0.0.2","54278","244","79723","635"
"8.651639","8.651639000","8.251152000","641","296","66.203.127.13","443","10.0.0.2","54278","244","79967","635"
"8.713058","8.713058000","8.312571000","642","52","10.0.0.2","54278","66.203.127.13","443","0","635","57275"
"8.713093","8.713093000","8.312606000","643","52","10.0.0.2","54278","66.203.127.13","443","0","635","57275"
"8.713641","8.713641000","8.313154000","644","296","66.203.127.13","443","10.0.0.2","54278","244","80211","635"
"8.713677","8.713677000","8.313190000","645","296","66.203.127.13","443","10.0.0.2","54278","244","80455","635"
"8.776344","8.776344000","8.375857000","646","52","10.0.0.2","54278","66.203.127.13","443","0","635","57275"
"8.776876","8.776876000","8.376389000","647","296","66.203.127.13","443","10.0.0.2","54278","244","80699","635"
"8.838162","8.838162000","8.437675000","648","52","10.0.0.2","54278","66.203.127.13","443","0","635","57275"
"8.838194","8.838194000","8.437707000","649","52","10.0.0.2","54278","66.203.127.13","443","0","635","57275"
"8.838678","8.838678000","8.438191000","650","296","66.203.127.13","443","10.0.0.2","54278","244","80943","635"
"8.838714","8.838714000","8.438227000","651","296","66.203.127.13","443","10.0.0.2","54278","244","81187","635"
"8.901204","8.901204000","8.500717000","652","52","10.0.0.2","54278","66.203.127.13","443","0","635","57275"
"8.901273","8.901273000","8.500786000","653","52","10.0.0.2","54278","66.203.127.13","443","0","635","68255"
"8.901290","8.901290000","8.500803000","654","52","10.0.0.2","54278","66.203.127.13","443","0","635","68255"
"8.901744","8.901744000","8.501257000","655","296","66.203.127.13","443","10.0.0.2","54278","244","81431","635"
"8.901781","8.901781000","8.501294000","656","296","66.203.127.13","443","10.0.0.2","54278","244","68255","635"
"8.901830","8.901830000","8.501343000","657","296","66.203.127.13","443","10.0.0.2","54278","244","81675","635"
"8.901842","8.901842000","8.501355000","658","296","66.203.127.13","443","10.0.0.2","54278","244","81919","635"
"8.962587","8.962587000","8.562100000","659","52","10.0.0.2","54278","66.203.127.13","443","0","635","68255"
"8.962617","8.962617000","8.562130000","660","52","10.0.0.2","54278","66.203.127.13","443","0","635","68255"
"8.963196","8.963196000","8.562709000","661","296","66.203.127.13","443","10.0.0.2","54278","244","82163","635"
"8.963285","8.963285000","8.562798000","662","296","66.203.127.13","443","10.0.0.2","54278","244","82407","635"
"9.025521","9.025521000","8.625034000","663","52","10.0.0.2","54278","66.203.127.13","443","0","635","68255"
"9.025552","9.025552000","8.625065000","664","52","10.0.0.2","54278","66.203.127.13","443","0","635","68255"
"9.026085","9.026085000","8.625598000","665","296","66.203.127.13","443","10.0.0.2","54278","244","82651","635"
"9.026121","9.026121000","8.625634000","666","296","66.203.127.13","443","10.0.0.2","54278","244","82895","635"
"9.088373","9.088373000","8.687886000","667","52","10.0.0.2","54278","66.203.127.13","443","0","635","68255"
"9.088994","9.088994000","8.688507000","668","296","66.203.127.13","443","10.0.0.2","54278","244","83139","635"
"9.150780","9.150780000","8.750293000","669","52","10.0.0.2","54278","66.203.127.13","443","0","635","68255"
"9.150808","9.150808000","8.750321000","670","52","10.0.0.2","54278","66.203.127.13","443","0","635","68255"
"9.151403","9.151403000","8.750916000","671","296","66.203.127.13","443","10.0.0.2","54278","244","83383","635"
"9.151449","9.151449000","8.750962000","672","296","66.203.127.13","443","10.0.0.2","54278","244","83627","635"
"9.212770","9.212770000","8.812283000","673","52","10.0.0.2","54278","66.203.127.13","443","0","635","68255"
"9.212805","9.212805000","8.812318000","674","52","10.0.0.2","54278","66.203.127.13","443","0","635","68499"
"9.212829","9.212829000","8.812342000","675","52","10.0.0.2","54278","66.203.127.13","443","0","635","68499"
"9.212845","9.212845000","8.812358000","676","52","10.0.0.2","54278","66.203.127.13","443","0","635","68499"
"9.213337","9.213337000","8.812850000","677","296","66.203.127.13","443","10.0.0.2","54278","244","83871","635"
"9.213373","9.213373000","8.812886000","678","296","66.203.127.13","443","10.0.0.2","54278","244","68499","635"
"9.213424","9.213424000","8.812937000","679","296","66.203.127.13","443","10.0.0.2","54278","244","84115","635"
"9.213436","9.213436000","8.812949000","680","296","66.203.127.13","443","10.0.0.2","54278","244","84359","635"
"9.213471","9.213471000","8.812984000","681","296","66.203.127.13","443","10.0.0.2","54278","244","84603","635"
"9.275512","9.275512000","8.875025000","682","52","10.0.0.2","54278","66.203.127.13","443","0","635","68499"
"9.275542","9.275542000","8.875055000","683","52","10.0.0.2","54278","66.203.127.13","443","0","635","68499"
"9.276036","9.276036000","8.875549000","684","296","66.203.127.13","443","10.0.0.2","54278","244","84847","635"
"9.276060","9.276060000","8.875573000","685","296","66.203.127.13","443","10.0.0.2","54278","244","85091","635"
"9.337972","9.337972000","8.937485000","686","52","10.0.0.2","54278","66.203.127.13","443","0","635","68499"
"9.338002","9.338002000","8.937515000","687","52","10.0.0.2","54278","66.203.127.13","443","0","635","68499"
"9.338544","9.338544000","8.938057000","688","296","66.203.127.13","443","10.0.0.2","54278","244","85335","635"
"9.338570","9.338570000","8.938083000","689","296","66.203.127.13","443","10.0.0.2","54278","244","85579","635"
"9.400973","9.400973000","9.000486000","690","52","10.0.0.2","54278","66.203.127.13","443","0","635","68499"
"9.401467","9.401467000","9.000980000","691","296","66.203.127.13","443","10.0.0.2","54278","244","85823","635"
"9.462588","9.462588000","9.062101000","692","52","10.0.0.2","54278","66.203.127.13","443","0","635","68499"
"9.462618","9.462618000","9.062131000","693","52","10.0.0.2","54278","66.203.127.13","443","0","635","68499"
"9.463136","9.463136000","9.062649000","694","296","66.203.127.13","443","10.0.0.2","54278","244","86067","635"
"9.463162","9.463162000","9.062675000","695","296","66.203.127.13","443","10.0.0.2","54278","244","86311","635"
"9.526192","9.526192000","9.125705000","696","52","10.0.0.2","54278","66.203.127.13","443","0","635","68499"
"9.526248","9.526248000","9.125761000","697","52","10.0.0.2","54278","66.203.127.13","443","0","635","68743"
"9.526293","9.526293000","9.125806000","698","52","10.0.0.2","54278","66.203.127.13","443","0","635","68743"
"9.526312","9.526312000","9.125825000","699","52","10.0.0.2","54278","66.203.127.13","443","0","635","68743"
"9.526327","9.526327000","9.125840000","700","52","10.0.0.2","54278","66.203.127.13","443","0","635","68743"
"9.526731","9.526731000","9.126244000","701","296","66.203.127.13","443","10.0.0.2","54278","244","86555","635"
"9.526769","9.526769000","9.126282000","702","296","66.203.127.13","443","10.0.0.2","54278","244","68743","635"
"9.526820","9.526820000","9.126333000","703","296","66.203.127.13","443","10.0.0.2","54278","244","86799","635"
"9.526833","9.526833000","9.126346000","704","296","66.203.127.13","443","10.0.0.2","54278","244","87043","635"
"9.526880","9.526880000","9.126393000","705","296","66.203.127.13","443","10.0.0.2","54278","244","87287","635"
"9.526891","9.526891000","9.126404000","706","296","66.203.127.13","443","10.0.0.2","54278","244","87531","635"
"9.587961","9.587961000","9.187474000","707","52","10.0.0.2","54278","66.203.127.13","443","0","635","68743"
"9.587991","9.587991000","9.187504000","708","52","10.0.0.2","54278","66.203.127.13","443","0","635","68743"
"9.588496","9.588496000","9.188009000","709","263","66.203.127.13","443","10.0.0.2","54278","211","87775","635"
"9.650513","9.650513000","9.250026000","710","52","10.0.0.2","54278","66.203.127.13","443","0","635","68743"
"9.650544","9.650544000","9.250057000","711","52","10.0.0.2","54278","66.203.127.13","443","0","635","68743"
"9.713356","9.713356000","9.312869000","712","52","10.0.0.2","54278","66.203.127.13","443","0","635","68743"
"9.776025","9.776025000","9.375538000","713","52","10.0.0.2","54278","66.203.127.13","443","0","635","68743"
"9.776054","9.776054000","9.375567000","714","52","10.0.0.2","54278","66.203.127.13","443","0","635","68743"
"9.837458","9.837458000","9.436971000","715","52","10.0.0.2","54278","66.203.127.13","443","0","635","68743"
"9.837489","9.837489000","9.437002000","716","52","10.0.0.2","54278","66.203.127.13","443","0","635","68987"
"9.837507","9.837507000","9.437020000","717","52","10.0.0.2","54278","66.203.127.13","443","0","635","68987"
"9.837522","9.837522000","9.437035000","718","52","10.0.0.2","54278","66.203.127.13","443","0","635","68987"
"9.837537","9.837537000","9.437050000","719","52","10.0.0.2","54278","66.203.127.13","443","0","635","68987"
"9.837966","9.837966000","9.437479000","720","296","66.203.127.13","443","10.0.0.2","54278","244","68987","635"
"9.900729","9.900729000","9.500242000","721","52","10.0.0.2","54278","66.203.127.13","443","0","635","68987"
"9.900760","9.900760000","9.500273000","722","52","10.0.0.2","54278","66.203.127.13","443","0","635","68987"
"10.150546","10.150546000","9.750059000","723","52","10.0.0.2","54278","66.203.127.13","443","0","635","69231"
"10.151174","10.151174000","9.750687000","724","296","66.203.127.13","443","10.0.0.2","54278","244","69231","635"
"10.462794","10.462794000","10.062307000","725","52","10.0.0.2","54278","66.203.127.13","443","0","635","69475"
"10.463325","10.463325000","10.062838000","726","296","66.203.127.13","443","10.0.0.2","54278","244","69475","635"
"10.775964","10.775964000","10.375477000","727","52","10.0.0.2","54278","66.203.127.13","443","0","635","69719"
"10.776463","10.776463000","10.375976000","728","296","66.203.127.13","443","10.0.0.2","54278","244","69719","635"
"11.087697","11.087697000","10.687210000","729","52","10.0.0.2","54278","66.203.127.13","443","0","635","87986"
"11.087730","11.087730000","10.687243000","730","52","10.0.0.2","54278","66.203.127.13","443","0","635","87986"
"11.088390","11.088390000","10.687903000","731","52","66.203.127.13","443","10.0.0.2","54278","0","87986","636"
"11.401044","11.401044000","11.000557000","732","52","10.0.0.2","54278","66.203.127.13","443","0","636","87987"
