frame.number,_ws.col.Time,frame.len,tcp.seq,ip.dst,tcp.dstport,tcp.time_relative,tcp.len,tcp.ack,tcp.srcport,frame.time_relative
"1","14:16:23.477679","86",,"100.64.0.5",,,,,,"0.000000000"
"2","14:16:23.479716","60","0","172.26.191.172","5000","0.000000000","0","0","56526","0.002037000"
"3","14:16:23.727270","60","0","100.64.0.5","56526","0.247554000","0","1","5000","0.249591000"
"4","14:16:23.727315","52","1","172.26.191.172","5000","0.247599000","0","1","56526","0.249636000"
"5","14:16:23.727649","100","1","172.26.191.172","5000","0.247933000","48","1","56526","0.249970000"
"6","14:16:23.727658","100","49","172.26.191.172","5000","0.247942000","48","1","56526","0.249979000"
"7","14:16:23.727671","100","97","172.26.191.172","5000","0.247955000","48","1","56526","0.249992000"
"8","14:16:23.727672","100","145","172.26.191.172","5000","0.247956000","48","1","56526","0.249993000"
"9","14:16:23.727680","100","193","172.26.191.172","5000","0.247964000","48","1","56526","0.250001000"
"10","14:16:23.727681","100","241","172.26.191.172","5000","0.247965000","48","1","56526","0.250002000"
"11","14:16:23.727688","100","289","172.26.191.172","5000","0.247972000","48","1","56526","0.250009000"
"12","14:16:23.727689","100","337","172.26.191.172","5000","0.247973000","48","1","56526","0.250010000"
"13","14:16:23.727696","100","385","172.26.191.172","5000","0.247980000","48","1","56526","0.250017000"
"14","14:16:23.727697","100","433","172.26.191.172","5000","0.247981000","48","1","56526","0.250018000"
"15","14:16:23.839968","76",,,,,,,,"0.362289000"
"16","14:16:23.977314","52","1","100.64.0.5","56526","0.497598000","0","97","5000","0.499635000"
"17","14:16:23.977357","100","481","172.26.191.172","5000","0.497641000","48","1","56526","0.499678000"
"18","14:16:23.977368","100","529","172.26.191.172","5000","0.497652000","48","1","56526","0.499689000"
"19","14:16:23.977379","100","577","172.26.191.172","5000","0.497663000","48","1","56526","0.499700000"
"20","14:16:23.977381","100","625","172.26.191.172","5000","0.497665000","48","1","56526","0.499702000"
"21","14:16:23.977393","52","1","100.64.0.5","56526","0.497677000","0","193","5000","0.499714000"
"22","14:16:23.977404","100","673","172.26.191.172","5000","0.497688000","48","1","56526","0.499725000"
"23","14:16:23.977406","100","721","172.26.191.172","5000","0.497690000","48","1","56526","0.499727000"
"24","14:16:23.977414","100","769","172.26.191.172","5000","0.497698000","48","1","56526","0.499735000"
"25","14:16:23.977415","100","817","172.26.191.172","5000","0.497699000","48","1","56526","0.499736000"
"26","14:16:24.227370","64","1","100.64.0.5","56526","0.747654000","0","193","5000","0.749691000"
"27","14:16:24.227407","100","193","172.26.191.172","5000","0.747691000","48","1","56526","0.749728000"
"28","14:16:24.227418","100","241","172.26.191.172","5000","0.747702000","48","1","56526","0.749739000"
"29","14:16:24.227433","64","1","100.64.0.5","56526","0.747717000","0","193","5000","0.749754000"
"30","14:16:24.227446","100","289","172.26.191.172","5000","0.747730000","48","1","56526","0.749767000"
"31","14:16:24.227448","100","337","172.26.191.172","5000","0.747732000","48","1","56526","0.749769000"
"32","14:16:24.477284","64","1","100.64.0.5","56526","0.997568000","0","289","5000","0.999605000"
"33","14:16:24.477327","100","385","172.26.191.172","5000","0.997611000","48","1","56526","0.999648000"
"34","14:16:24.477338","100","433","172.26.191.172","5000","0.997622000","48","1","56526","0.999659000"
"35","14:16:24.477349","100","673","172.26.191.172","5000","0.997633000","48","1","56526","0.999670000"
"36","14:16:24.477363","64","1","100.64.0.5","56526","0.997647000","0","337","5000","0.999684000"
"37","14:16:24.477372","100","721","172.26.191.172","5000","0.997656000","48","1","56526","0.999693000"
"38","14:16:24.477377","100","769","172.26.191.172","5000","0.997661000","48","1","56526","0.999698000"
"39","14:16:24.477384","64","1","100.64.0.5","56526","0.997668000","0","385","5000","0.999705000"
"40","14:16:24.477391","100","817","172.26.191.172","5000","0.997675000","48","1","56526","0.999712000"
"41","14:16:24.477397","100","865","172.26.191.172","5000","0.997681000","48","1","56526","0.999718000"
"42","14:16:24.727471","52","1","100.64.0.5","56526","1.247755000","0","673","5000","1.249792000"
"43","14:16:24.727517","100","913","172.26.191.172","5000","1.247801000","48","1","56526","1.249838000"
"44","14:16:24.727527","100","961","172.26.191.172","5000","1.247811000","48","1","56526","1.249848000"
"45","14:16:24.727536","100","1009","172.26.191.172","5000","1.247820000","48","1","56526","1.249857000"
"46","14:16:24.727548","52","1","100.64.0.5","56526","1.247832000","0","769","5000","1.249869000"
"47","14:16:24.727562","100","1057","172.26.191.172","5000","1.247846000","48","1","56526","1.249883000"
"48","14:16:24.727563","100","1105","172.26.191.172","5000","1.247847000","48","1","56526","1.249884000"
"49","14:16:24.727568","100","1153","172.26.191.172","5000","1.247852000","48","1","56526","1.249889000"
"50","14:16:24.977306","64","1","100.64.0.5","56526","1.497590000","0","769","5000","1.499627000"
"51","14:16:24.977340","100","769","172.26.191.172","5000","1.497624000","48","1","56526","1.499661000"
"52","14:16:24.977357","100","817","172.26.191.172","5000","1.497641000","48","1","56526","1.499678000"
"53","14:16:24.977373","64","1","100.64.0.5","56526","1.497657000","0","769","5000","1.499694000"
"54","14:16:24.977384","100","865","172.26.191.172","5000","1.497668000","48","1","56526","1.499705000"
"55","14:16:24.977391","100","1201","172.26.191.172","5000","1.497675000","48","1","56526","1.499712000"
"56","14:16:25.227445","52","1","100.64.0.5","56526","1.747729000","0","1105","5000","1.749766000"
"57","14:16:25.227484","100","1105","172.26.191.172","5000","1.747768000","48","1","56526","1.749805000"
"58","14:16:25.227500","100","1153","172.26.191.172","5000","1.747784000","48","1","56526","1.749821000"
"59","14:16:25.227515","100","1249","172.26.191.172","5000","1.747799000","48","1","56526","1.749836000"
"60","14:16:25.227517","100","1297","172.26.191.172","5000","1.747801000","48","1","56526","1.749838000"
"61","14:16:25.227530","64","1","100.64.0.5","56526","1.747814000","0","1105","5000","1.749851000"
"62","14:16:25.227542","100","1345","172.26.191.172","5000","1.747826000","48","1","56526","1.749863000"
"63","14:16:25.477493","52","1","100.64.0.5","56526","1.997777000","0","1249","5000","1.999814000"
"64","14:16:25.477537","100","1393","172.26.191.172","5000","1.997821000","48","1","56526","1.999858000"
"65","14:16:25.477548","100","1441","172.26.191.172","5000","1.997832000","48","1","56526","1.999869000"
"66","14:16:25.477560","100","1489","172.26.191.172","5000","1.997844000","48","1","56526","1.999881000"
"67","14:16:25.477562","100","1537","172.26.191.172","5000","1.997846000","48","1","56526","1.999883000"
"68","14:16:25.477568","100","1585","172.26.191.172","5000","1.997852000","48","1","56526","1.999889000"
"69","14:16:25.477570","100","1633","172.26.191.172","5000","1.997854000","48","1","56526","1.999891000"
"70","14:16:25.477578","100","1681","172.26.191.172","5000","1.997862000","48","1","56526","1.999899000"
"71","14:16:25.477580","100","1729","172.26.191.172","5000","1.997864000","48","1","56526","1.999901000"
"72","14:16:25.477592","52","1","100.64.0.5","56526","1.997876000","0","1345","5000","1.999913000"
"73","14:16:25.477605","100","1777","172.26.191.172","5000","1.997889000","48","1","56526","1.999926000"
"74","14:16:25.477606","100","1825","172.26.191.172","5000","1.997890000","48","1","56526","1.999927000"
"75","14:16:25.727514","64","1","100.64.0.5","56526","2.247798000","0","1345","5000","2.249835000"
"76","14:16:25.727535","100","1345","172.26.191.172","5000","2.247819000","48","1","56526","2.249856000"
"77","14:16:25.727549","100","1873","172.26.191.172","5000","2.247833000","48","1","56526","2.249870000"
"78","14:16:25.727556","64","1","100.64.0.5","56526","2.247840000","0","1345","5000","2.249877000"
"79","14:16:25.727567","100","1921","172.26.191.172","5000","2.247851000","48","1","56526","2.249888000"
"80","14:16:25.727568","100","1969","172.26.191.172","5000","2.247852000","48","1","56526","2.249889000"
"81","14:16:25.977759","52","1","100.64.0.5","56526","2.498043000","0","1585","5000","2.500080000"
"82","14:16:25.977798","100","1585","172.26.191.172","5000","2.498082000","48","1","56526","2.500119000"
"83","14:16:25.977808","100","1633","172.26.191.172","5000","2.498092000","48","1","56526","2.500129000"
"84","14:16:25.977823","64","1","100.64.0.5","56526","2.498107000","0","1585","5000","2.500144000"
"85","14:16:25.977837","100","1681","172.26.191.172","5000","2.498121000","48","1","56526","2.500158000"
"86","14:16:25.977839","100","1729","172.26.191.172","5000","2.498123000","48","1","56526","2.500160000"
"87","14:16:25.977846","100","1777","172.26.191.172","5000","2.498130000","48","1","56526","2.500167000"
"88","14:16:26.227160","64","1","100.64.0.5","56526","2.747444000","0","1681","5000","2.749481000"
"89","14:16:26.227194","100","1825","172.26.191.172","5000","2.747478000","48","1","56526","2.749515000"
"90","14:16:26.227217","100","2017","172.26.191.172","5000","2.747501000","48","1","56526","2.749538000"
"91","14:16:26.227219","100","2065","172.26.191.172","5000","2.747503000","48","1","56526","2.749540000"
"92","14:16:26.227230","64","1","100.64.0.5","56526","2.747514000","0","1777","5000","2.749551000"
"93","14:16:26.227241","100","2113","172.26.191.172","5000","2.747525000","48","1","56526","2.749562000"
"94","14:16:26.227243","100","2161","172.26.191.172","5000","2.747527000","48","1","56526","2.749564000"
"95","14:16:26.227247","100","2209","172.26.191.172","5000","2.747531000","48","1","56526","2.749568000"
"96","14:16:26.477347","64","1","100.64.0.5","56526","2.997631000","0","1777","5000","2.999668000"
"97","14:16:26.477376","100","1777","172.26.191.172","5000","2.997660000","48","1","56526","2.999697000"
"98","14:16:26.477400","64","1","100.64.0.5","56526","2.997684000","0","1777","5000","2.999721000"
"99","14:16:26.477419","100","2257","172.26.191.172","5000","2.997703000","48","1","56526","2.999740000"
"100","14:16:26.477421","100","2305","172.26.191.172","5000","2.997705000","48","1","56526","2.999742000"
"101","14:16:26.477428","64","1","100.64.0.5","56526","2.997712000","0","1777","5000","2.999749000"
"102","14:16:26.477436","100","2353","172.26.191.172","5000","2.997720000","48","1","56526","2.999757000"
"103","14:16:26.727478","52","1","100.64.0.5","56526","3.247762000","0","2161","5000","3.249799000"
"104","14:16:26.727518","100","2161","172.26.191.172","5000","3.247802000","48","1","56526","3.249839000"
"105","14:16:26.727534","100","2209","172.26.191.172","5000","3.247818000","48","1","56526","3.249855000"
"106","14:16:26.727549","64","1","100.64.0.5","56526","3.247833000","0","2161","5000","3.249870000"
"107","14:16:26.727568","100","2401","172.26.191.172","5000","3.247852000","48","1","56526","3.249889000"
"108","14:16:26.727570","100","2449","172.26.191.172","5000","3.247854000","48","1","56526","3.249891000"
"109","14:16:26.727578","64","1","100.64.0.5","56526","3.247862000","0","2161","5000","3.249899000"
"110","14:16:26.727587","100","2497","172.26.191.172","5000","3.247871000","48","1","56526","3.249908000"
"111","14:16:26.977637","52","1","100.64.0.5","56526","3.497921000","0","2401","5000","3.499958000"
"112","14:16:26.977678","100","2545","172.26.191.172","5000","3.497962000","48","1","56526","3.499999000"
"113","14:16:26.977688","100","2593","172.26.191.172","5000","3.497972000","48","1","56526","3.500009000"
"114","14:16:26.977698","100","2641","172.26.191.172","5000","3.497982000","48","1","56526","3.500019000"
"115","14:16:26.977700","100","2689","172.26.191.172","5000","3.497984000","48","1","56526","3.500021000"
"116","14:16:26.977706","100","2737","172.26.191.172","5000","3.497990000","48","1","56526","3.500027000"
"117","14:16:26.977707","100","2785","172.26.191.172","5000","3.497991000","48","1","56526","3.500028000"
"118","14:16:26.977718","52","1","100.64.0.5","56526","3.498002000","0","2497","5000","3.500039000"
"119","14:16:26.977728","100","2833","172.26.191.172","5000","3.498012000","48","1","56526","3.500049000"
"120","14:16:26.977730","100","2881","172.26.191.172","5000","3.498014000","48","1","56526","3.500051000"
"121","14:16:27.071769","48",,,,,,,,"3.594090000"
"122","14:16:27.227428","64","1","100.64.0.5","56526","3.747712000","0","2497","5000","3.749749000"
"123","14:16:27.227460","100","2497","172.26.191.172","5000","3.747744000","48","1","56526","3.749781000"
"124","14:16:27.227482","100","2929","172.26.191.172","5000","3.747766000","48","1","56526","3.749803000"
"125","14:16:27.227493","64","1","100.64.0.5","56526","3.747777000","0","2497","5000","3.749814000"
"126","14:16:27.227511","100","2977","172.26.191.172","5000","3.747795000","48","1","56526","3.749832000"
"127","14:16:27.227513","100","3025","172.26.191.172","5000","3.747797000","48","1","56526","3.749834000"
"128","14:16:27.477138","52","1","100.64.0.5","56526","3.997422000","0","2737","5000","3.999459000"
"129","14:16:27.477180","100","2737","172.26.191.172","5000","3.997464000","48","1","56526","3.999501000"
"130","14:16:27.477191","100","2785","172.26.191.172","5000","3.997475000","48","1","56526","3.999512000"
"131","14:16:27.477208","64","1","100.64.0.5","56526","3.997492000","0","2737","5000","3.999529000"
"132","14:16:27.477227","100","2833","172.26.191.172","5000","3.997511000","48","1","56526","3.999548000"
"133","14:16:27.477229","100","2881","172.26.191.172","5000","3.997513000","48","1","56526","3.999550000"
"134","14:16:27.477237","100","3073","172.26.191.172","5000","3.997521000","48","1","56526","3.999558000"
"135","14:16:27.727453","64","1","100.64.0.5","56526","4.247737000","0","2833","5000","4.249774000"
"136","14:16:27.727499","100","3121","172.26.191.172","5000","4.247783000","48","1","56526","4.249820000"
"137","14:16:27.727510","100","3169","172.26.191.172","5000","4.247794000","48","1","56526","4.249831000"
"138","14:16:27.727519","100","3217","172.26.191.172","5000","4.247803000","48","1","56526","4.249840000"
"139","14:16:27.727531","52","1","100.64.0.5","56526","4.247815000","0","3073","5000","4.249852000"
"140","14:16:27.727546","100","3265","172.26.191.172","5000","4.247830000","48","1","56526","4.249867000"
"141","14:16:27.727548","100","3313","172.26.191.172","5000","4.247832000","48","1","56526","4.249869000"
"142","14:16:27.727555","100","3361","172.26.191.172","5000","4.247839000","48","1","56526","4.249876000"
"143","14:16:27.727557","100","3409","172.26.191.172","5000","4.247841000","48","1","56526","4.249878000"
"144","14:16:27.976754","64","1","100.64.0.5","56526","4.497038000","0","3073","5000","4.499075000"
"145","14:16:27.976789","100","3073","172.26.191.172","5000","4.497073000","48","1","56526","4.499110000"
"146","14:16:27.976813","100","3457","172.26.191.172","5000","4.497097000","48","1","56526","4.499134000"
"147","14:16:27.976825","64","1","100.64.0.5","56526","4.497109000","0","3073","5000","4.499146000"
"148","14:16:27.976844","100","3505","172.26.191.172","5000","4.497128000","48","1","56526","4.499165000"
"149","14:16:27.976846","100","3553","172.26.191.172","5000","4.497130000","48","1","56526","4.499167000"
"150","14:16:28.227034","52","1","100.64.0.5","56526","4.747318000","0","3313","5000","4.749355000"
"151","14:16:28.227072","100","3313","172.26.191.172","5000","4.747356000","48","1","56526","4.749393000"
"152","14:16:28.227090","100","3361","172.26.191.172","5000","4.747374000","48","1","56526","4.749411000"
"153","14:16:28.227104","64","1","100.64.0.5","56526","4.747388000","0","3313","5000","4.749425000"
"154","14:16:28.227117","100","3409","172.26.191.172","5000","4.747401000","48","1","56526","4.749438000"
"155","14:16:28.227130","100","3601","172.26.191.172","5000","4.747414000","48","1","56526","4.749451000"
"156","14:16:28.227131","100","3649","172.26.191.172","5000","4.747415000","48","1","56526","4.749452000"
"157","14:16:28.477384","52","1","100.64.0.5","56526","4.997668000","0","3601","5000","4.999705000"
"158","14:16:28.477425","100","3697","172.26.191.172","5000","4.997709000","48","1","56526","4.999746000"
"159","14:16:28.477435","100","3745","172.26.191.172","5000","4.997719000","48","1","56526","4.999756000"
"160","14:16:28.477446","100","3793","172.26.191.172","5000","4.997730000","48","1","56526","4.999767000"
"161","14:16:28.477447","100","3841","172.26.191.172","5000","4.997731000","48","1","56526","4.999768000"
"162","14:16:28.477453","100","3889","172.26.191.172","5000","4.997737000","48","1","56526","4.999774000"
"163","14:16:28.477455","100","3937","172.26.191.172","5000","4.997739000","48","1","56526","4.999776000"
"164","14:16:28.477465","52","1","100.64.0.5","56526","4.997749000","0","3649","5000","4.999786000"
"165","14:16:28.727356","64","1","100.64.0.5","56526","5.247640000","0","3649","5000","5.249677000"
"166","14:16:28.727389","100","3649","172.26.191.172","5000","5.247673000","48","1","56526","5.249710000"
"167","14:16:28.727411","100","3985","172.26.191.172","5000","5.247695000","48","1","56526","5.249732000"
"168","14:16:28.727423","64","1","100.64.0.5","56526","5.247707000","0","3649","5000","5.249744000"
"169","14:16:28.727441","100","4033","172.26.191.172","5000","5.247725000","48","1","56526","5.249762000"
"170","14:16:28.727442","100","4081","172.26.191.172","5000","5.247726000","48","1","56526","5.249763000"
"171","14:16:28.976881","52","1","100.64.0.5","56526","5.497165000","0","3889","5000","5.499202000"
"172","14:16:28.976920","100","3889","172.26.191.172","5000","5.497204000","48","1","56526","5.499241000"
"173","14:16:28.976929","100","3937","172.26.191.172","5000","5.497213000","48","1","56526","5.499250000"
"174","14:16:28.976944","64","1","100.64.0.5","56526","5.497228000","0","3889","5000","5.499265000"
"175","14:16:28.976961","100","4129","172.26.191.172","5000","5.497245000","48","1","56526","5.499282000"
"176","14:16:28.976962","100","4177","172.26.191.172","5000","5.497246000","48","1","56526","5.499283000"
"177","14:16:28.976968","100","4225","172.26.191.172","5000","5.497252000","48","1","56526","5.499289000"
"178","14:16:29.227000","52","1","100.64.0.5","56526","5.747284000","0","4129","5000","5.749321000"
"179","14:16:29.227041","100","4273","172.26.191.172","5000","5.747325000","48","1","56526","5.749362000"
"180","14:16:29.227051","100","4321","172.26.191.172","5000","5.747335000","48","1","56526","5.749372000"
"181","14:16:29.227061","100","4369","172.26.191.172","5000","5.747345000","48","1","56526","5.749382000"
"182","14:16:29.227062","100","4417","172.26.191.172","5000","5.747346000","48","1","56526","5.749383000"
"183","14:16:29.227073","52","1","100.64.0.5","56526","5.747357000","0","4225","5000","5.749394000"
"184","14:16:29.227084","100","4465","172.26.191.172","5000","5.747368000","48","1","56526","5.749405000"
"185","14:16:29.227085","100","4513","172.26.191.172","5000","5.747369000","48","1","56526","5.749406000"
"186","14:16:29.456568","100","4561","172.26.191.172","5000","5.976852000","48","1","56526","5.978889000"
"187","14:16:29.476696","64","1","100.64.0.5","56526","5.996980000","0","4225","5000","5.999017000"
"188","14:16:29.476728","100","4225","172.26.191.172","5000","5.997012000","48","1","56526","5.999049000"
"189","14:16:29.476748","100","4609","172.26.191.172","5000","5.997032000","48","1","56526","5.999069000"
"190","14:16:29.476759","64","1","100.64.0.5","56526","5.997043000","0","4225","5000","5.999080000"
"191","14:16:29.476775","100","4657","172.26.191.172","5000","5.997059000","48","1","56526","5.999096000"
"192","14:16:29.476777","100","4705","172.26.191.172","5000","5.997061000","48","1","56526","5.999098000"
"193","14:16:29.726945","72","1","100.64.0.5","56526","6.247229000","0","4225","5000","6.249266000"
"194","14:16:29.726969","100","4465","172.26.191.172","5000","6.247253000","48","1","56526","6.249290000"
"195","14:16:29.726984","64","1","100.64.0.5","56526","6.247268000","0","4465","5000","6.249305000"
"196","14:16:29.726991","100","4513","172.26.191.172","5000","6.247275000","48","1","56526","6.249312000"
"197","14:16:29.726994","100","4753","172.26.191.172","5000","6.247278000","48","1","56526","6.249315000"
"198","14:16:29.726998","64","1","100.64.0.5","56526","6.247282000","0","4465","5000","6.249319000"
"199","14:16:29.727007","100","4801","172.26.191.172","5000","6.247291000","48","1","56526","6.249328000"
"200","14:16:29.727008","100","4849","172.26.191.172","5000","6.247292000","48","1","56526","6.249329000"
"201","14:16:29.976597","52","1","100.64.0.5","56526","6.496881000","0","4705","5000","6.498918000"
"202","14:16:29.976636","100","4705","172.26.191.172","5000","6.496920000","48","1","56526","6.498957000"
"203","14:16:29.976662","100","4897","172.26.191.172","5000","6.496946000","48","1","56526","6.498983000"
"204","14:16:29.976664","100","4945","172.26.191.172","5000","6.496948000","48","1","56526","6.498985000"
"205","14:16:29.976676","64","1","100.64.0.5","56526","6.496960000","0","4705","5000","6.498997000"
"206","14:16:29.976693","100","4993","172.26.191.172","5000","6.496977000","48","1","56526","6.499014000"
"207","14:16:29.976695","100","5041","172.26.191.172","5000","6.496979000","48","1","56526","6.499016000"
"208","14:16:30.227586","52","1","100.64.0.5","56526","6.747870000","0","4849","5000","6.749907000"
"209","14:16:30.227619","100","4849","172.26.191.172","5000","6.747903000","48","1","56526","6.749940000"
"210","14:16:30.227637","100","5089","172.26.191.172","5000","6.747921000","48","1","56526","6.749958000"
"211","14:16:30.227649","64","1","100.64.0.5","56526","6.747933000","0","4849","5000","6.749970000"
"212","14:16:30.227664","100","5137","172.26.191.172","5000","6.747948000","48","1","56526","6.749985000"
"213","14:16:30.227666","100","5185","172.26.191.172","5000","6.747950000","48","1","56526","6.749987000"
"214","14:16:30.227672","64","1","100.64.0.5","56526","6.747956000","0","4849","5000","6.749993000"
"215","14:16:30.227680","100","5233","172.26.191.172","5000","6.747964000","48","1","56526","6.750001000"
"216","14:16:30.476649","52","1","100.64.0.5","56526","6.996933000","0","5041","5000","6.998970000"
"217","14:16:30.476684","100","5041","172.26.191.172","5000","6.996968000","48","1","56526","6.999005000"
"218","14:16:30.476702","100","5281","172.26.191.172","5000","6.996986000","48","1","56526","6.999023000"
"219","14:16:30.476713","64","1","100.64.0.5","56526","6.996997000","0","5041","5000","6.999034000"
"220","14:16:30.476731","100","5329","172.26.191.172","5000","6.997015000","48","1","56526","6.999052000"
"221","14:16:30.476733","100","5377","172.26.191.172","5000","6.997017000","48","1","56526","6.999054000"
"222","14:16:30.476737","100","5425","172.26.191.172","5000","6.997021000","48","1","56526","6.999058000"
"223","14:16:30.727306","52","1","100.64.0.5","56526","7.247590000","0","5233","5000","7.249627000"
"224","14:16:30.727338","100","5233","172.26.191.172","5000","7.247622000","48","1","56526","7.249659000"
"225","14:16:30.727356","100","5473","172.26.191.172","5000","7.247640000","48","1","56526","7.249677000"
"226","14:16:30.727368","64","1","100.64.0.5","56526","7.247652000","0","5233","5000","7.249689000"
"227","14:16:30.727379","100","5521","172.26.191.172","5000","7.247663000","48","1","56526","7.249700000"
"228","14:16:30.727385","64","1","100.64.0.5","56526","7.247669000","0","5233","5000","7.249706000"
"229","14:16:30.727399","100","5569","172.26.191.172","5000","7.247683000","48","1","56526","7.249720000"
"230","14:16:30.727401","100","5617","172.26.191.172","5000","7.247685000","48","1","56526","7.249722000"
"231","14:16:30.976950","52","1","100.64.0.5","56526","7.497234000","0","5425","5000","7.499271000"
"232","14:16:30.976985","100","5425","172.26.191.172","5000","7.497269000","48","1","56526","7.499306000"
"233","14:16:30.977003","100","5665","172.26.191.172","5000","7.497287000","48","1","56526","7.499324000"
"234","14:16:30.977014","64","1","100.64.0.5","56526","7.497298000","0","5425","5000","7.499335000"
"235","14:16:30.977034","100","5713","172.26.191.172","5000","7.497318000","48","1","56526","7.499355000"
"236","14:16:30.977035","100","5761","172.26.191.172","5000","7.497319000","48","1","56526","7.499356000"
"237","14:16:30.977040","100","5809","172.26.191.172","5000","7.497324000","48","1","56526","7.499361000"
"238","14:16:31.227134","52","1","100.64.0.5","56526","7.747418000","0","5617","5000","7.749455000"
"239","14:16:31.227167","100","5617","172.26.191.172","5000","7.747451000","48","1","56526","7.749488000"
"240","14:16:31.227184","100","5857","172.26.191.172","5000","7.747468000","48","1","56526","7.749505000"
"241","14:16:31.227196","64","1","100.64.0.5","56526","7.747480000","0","5617","5000","7.749517000"
"242","14:16:31.227214","100","5905","172.26.191.172","5000","7.747498000","48","1","56526","7.749535000"
"243","14:16:31.227216","100","5953","172.26.191.172","5000","7.747500000","48","1","56526","7.749537000"
"244","14:16:31.227220","100","6001","172.26.191.172","5000","7.747504000","48","1","56526","7.749541000"
"245","14:16:31.477140","52","1","100.64.0.5","56526","7.997424000","0","5809","5000","7.999461000"
"246","14:16:31.477176","100","5809","172.26.191.172","5000","7.997460000","48","1","56526","7.999497000"
"247","14:16:31.477197","100","6049","172.26.191.172","5000","7.997481000","48","1","56526","7.999518000"
"248","14:16:31.477209","64","1","100.64.0.5","56526","7.997493000","0","5809","5000","7.999530000"
"249","14:16:31.477230","100","6097","172.26.191.172","5000","7.997514000","48","1","56526","7.999551000"
"250","14:16:31.477232","100","6145","172.26.191.172","5000","7.997516000","48","1","56526","7.999553000"
"251","14:16:31.477237","100","6193","172.26.191.172","5000","7.997521000","48","1","56526","7.999558000"
"252","14:16:31.727096","52","1","100.64.0.5","56526","8.247380000","0","6001","5000","8.249417000"
"253","14:16:31.727133","100","6001","172.26.191.172","5000","8.247417000","48","1","56526","8.249454000"
"254","14:16:31.727152","100","6241","172.26.191.172","5000","8.247436000","48","1","56526","8.249473000"
"255","14:16:31.727165","64","1","100.64.0.5","56526","8.247449000","0","6001","5000","8.249486000"
"256","14:16:31.727186","100","6289","172.26.191.172","5000","8.247470000","48","1","56526","8.249507000"
"257","14:16:31.727188","100","6337","172.26.191.172","5000","8.247472000","48","1","56526","8.249509000"
"258","14:16:31.727193","100","6385","172.26.191.172","5000","8.247477000","48","1","56526","8.249514000"
"259","14:16:31.977183","52","1","100.64.0.5","56526","8.497467000","0","6193","5000","8.499504000"
"260","14:16:31.977217","100","6193","172.26.191.172","5000","8.497501000","48","1","56526","8.499538000"
"261","14:16:31.977235","100","6433","172.26.191.172","5000","8.497519000","48","1","56526","8.499556000"
"262","14:16:31.977246","64","1","100.64.0.5","56526","8.497530000","0","6193","5000","8.499567000"
"263","14:16:31.977265","100","6481","172.26.191.172","5000","8.497549000","48","1","56526","8.499586000"
"264","14:16:31.977266","100","6529","172.26.191.172","5000","8.497550000","48","1","56526","8.499587000"
"265","14:16:31.977271","100","6577","172.26.191.172","5000","8.497555000","48","1","56526","8.499592000"
"266","14:16:32.226987","52","1","100.64.0.5","56526","8.747271000","0","6385","5000","8.749308000"
"267","14:16:32.227020","100","6385","172.26.191.172","5000","8.747304000","48","1","56526","8.749341000"
"268","14:16:32.227037","100","6625","172.26.191.172","5000","8.747321000","48","1","56526","8.749358000"
"269","14:16:32.227049","64","1","100.64.0.5","56526","8.747333000","0","6385","5000","8.749370000"
"270","14:16:32.227068","100","6673","172.26.191.172","5000","8.747352000","48","1","56526","8.749389000"
"271","14:16:32.227070","100","6721","172.26.191.172","5000","8.747354000","48","1","56526","8.749391000"
"272","14:16:32.227076","64","1","100.64.0.5","56526","8.747360000","0","6385","5000","8.749397000"
"273","14:16:32.227085","100","6769","172.26.191.172","5000","8.747369000","48","1","56526","8.749406000"
"274","14:16:32.476975","52","1","100.64.0.5","56526","8.997259000","0","6577","5000","8.999296000"
"275","14:16:32.477009","100","6577","172.26.191.172","5000","8.997293000","48","1","56526","8.999330000"
"276","14:16:32.477027","100","6817","172.26.191.172","5000","8.997311000","48","1","56526","8.999348000"
"277","14:16:32.477039","64","1","100.64.0.5","56526","8.997323000","0","6577","5000","8.999360000"
"278","14:16:32.477057","100","6865","172.26.191.172","5000","8.997341000","48","1","56526","8.999378000"
"279","14:16:32.477059","100","6913","172.26.191.172","5000","8.997343000","48","1","56526","8.999380000"
"280","14:16:32.477063","100","6961","172.26.191.172","5000","8.997347000","48","1","56526","8.999384000"
"281","14:16:32.726817","52","1","100.64.0.5","56526","9.247101000","0","6769","5000","9.249138000"
"282","14:16:32.726854","100","6769","172.26.191.172","5000","9.247138000","48","1","56526","9.249175000"
"283","14:16:32.726876","100","7009","172.26.191.172","5000","9.247160000","48","1","56526","9.249197000"
"284","14:16:32.726890","64","1","100.64.0.5","56526","9.247174000","0","6769","5000","9.249211000"
"285","14:16:32.726911","100","7057","172.26.191.172","5000","9.247195000","48","1","56526","9.249232000"
"286","14:16:32.726913","100","7105","172.26.191.172","5000","9.247197000","48","1","56526","9.249234000"
"287","14:16:32.726917","100","7153","172.26.191.172","5000","9.247201000","48","1","56526","9.249238000"
"288","14:16:32.977483","52","1","100.64.0.5","56526","9.497767000","0","6961","5000","9.499804000"
"289","14:16:32.977520","100","6961","172.26.191.172","5000","9.497804000","48","1","56526","9.499841000"
"290","14:16:32.977540","100","7201","172.26.191.172","5000","9.497824000","48","1","56526","9.499861000"
"291","14:16:32.977554","64","1","100.64.0.5","56526","9.497838000","0","6961","5000","9.499875000"
"292","14:16:32.977575","100","7249","172.26.191.172","5000","9.497859000","48","1","56526","9.499896000"
"293","14:16:32.977577","100","7297","172.26.191.172","5000","9.497861000","48","1","56526","9.499898000"
"294","14:16:32.977581","100","7345","172.26.191.172","5000","9.497865000","48","1","56526","9.499902000"
"295","14:16:33.227308","52","1","100.64.0.5","56526","9.747592000","0","7153","5000","9.749629000"
"296","14:16:33.227342","100","7153","172.26.191.172","5000","9.747626000","48","1","56526","9.749663000"
"297","14:16:33.227360","100","7393","172.26.191.172","5000","9.747644000","48","1","56526","9.749681000"
"298","14:16:33.227371","64","1","100.64.0.5","56526","9.747655000","0","7153","5000","9.749692000"
"299","14:16:33.227389","100","7441","172.26.191.172","5000","9.747673000","48","1","56526","9.749710000"
"300","14:16:33.227391","100","7489","172.26.191.172","5000","9.747675000","48","1","56526","9.749712000"
"301","14:16:33.227395","100","7537","172.26.191.172","5000","9.747679000","48","1","56526","9.749716000"
"302","14:16:33.477449","52","1","100.64.0.5","56526","9.997733000","0","7345","5000","9.999770000"
"303","14:16:33.477486","100","7345","172.26.191.172","5000","9.997770000","48","1","56526","9.999807000"
"304","14:16:33.477506","100","7585","172.26.191.172","5000","9.997790000","48","1","56526","9.999827000"
"305","14:16:33.477518","64","1","100.64.0.5","56526","9.997802000","0","7345","5000","9.999839000"
"306","14:16:33.477540","100","7633","172.26.191.172","5000","9.997824000","48","1","56526","9.999861000"
"307","14:16:33.477542","100","7681","172.26.191.172","5000","9.997826000","48","1","56526","9.999863000"
"308","14:16:33.477546","100","7729","172.26.191.172","5000","9.997830000","48","1","56526","9.999867000"
"309","14:16:33.727042","52","1","100.64.0.5","56526","10.247326000","0","7537","5000","10.249363000"
"310","14:16:33.727058","100","7537","172.26.191.172","5000","10.247342000","48","1","56526","10.249379000"
"311","14:16:33.727065","100","7777","172.26.191.172","5000","10.247349000","48","1","56526","10.249386000"
"312","14:16:33.727069","64","1","100.64.0.5","56526","10.247353000","0","7537","5000","10.249390000"
"313","14:16:33.727076","100","7825","172.26.191.172","5000","10.247360000","48","1","56526","10.249397000"
"314","14:16:33.727076","100","7873","172.26.191.172","5000","10.247360000","48","1","56526","10.249397000"
"315","14:16:33.727078","100","7921","172.26.191.172","5000","10.247362000","48","1","56526","10.249399000"
"316","14:16:33.977621","52","1","100.64.0.5","56526","10.497905000","0","7729","5000","10.499942000"
"317","14:16:33.977658","100","7729","172.26.191.172","5000","10.497942000","48","1","56526","10.499979000"
"318","14:16:33.977678","100","7969","172.26.191.172","5000","10.497962000","48","1","56526","10.499999000"
"319","14:16:33.977691","64","1","100.64.0.5","56526","10.497975000","0","7729","5000","10.500012000"
"320","14:16:33.977712","100","8017","172.26.191.172","5000","10.497996000","48","1","56526","10.500033000"
"321","14:16:33.977714","100","8065","172.26.191.172","5000","10.497998000","48","1","56526","10.500035000"
"322","14:16:33.977719","100","8113","172.26.191.172","5000","10.498003000","48","1","56526","10.500040000"
"323","14:16:34.227578","52","1","100.64.0.5","56526","10.747862000","0","7921","5000","10.749899000"
"324","14:16:34.227607","100","7921","172.26.191.172","5000","10.747891000","48","1","56526","10.749928000"
"325","14:16:34.227624","100","8161","172.26.191.172","5000","10.747908000","48","1","56526","10.749945000"
"326","14:16:34.227636","64","1","100.64.0.5","56526","10.747920000","0","7921","5000","10.749957000"
"327","14:16:34.227647","100","8209","172.26.191.172","5000","10.747931000","48","1","56526","10.749968000"
"328","14:16:34.227653","64","1","100.64.0.5","56526","10.747937000","0","7921","5000","10.749974000"
"329","14:16:34.227667","100","8257","172.26.191.172","5000","10.747951000","48","1","56526","10.749988000"
"330","14:16:34.227669","100","8305","172.26.191.172","5000","10.747953000","48","1","56526","10.749990000"
"331","14:16:34.476831","52","1","100.64.0.5","56526","10.997115000","0","8113","5000","10.999152000"
"332","14:16:34.476869","100","8113","172.26.191.172","5000","10.997153000","48","1","56526","10.999190000"
"333","14:16:34.476889","100","8353","172.26.191.172","5000","10.997173000","48","1","56526","10.999210000"
"334","14:16:34.476901","64","1","100.64.0.5","56526","10.997185000","0","8113","5000","10.999222000"
"335","14:16:34.476922","100","8401","172.26.191.172","5000","10.997206000","48","1","56526","10.999243000"
"336","14:16:34.476924","100","8449","172.26.191.172","5000","10.997208000","48","1","56526","10.999245000"
"337","14:16:34.476931","64","1","100.64.0.5","56526","10.997215000","0","8113","5000","10.999252000"
"338","14:16:34.476940","100","8497","172.26.191.172","5000","10.997224000","48","1","56526","10.999261000"
"339","14:16:34.727119","52","1","100.64.0.5","56526","11.247403000","0","8305","5000","11.249440000"
"340","14:16:34.727154","100","8305","172.26.191.172","5000","11.247438000","48","1","56526","11.249475000"
"341","14:16:34.727173","100","8545","172.26.191.172","5000","11.247457000","48","1","56526","11.249494000"
"342","14:16:34.727185","64","1","100.64.0.5","56526","11.247469000","0","8305","5000","11.249506000"
"343","14:16:34.727204","100","8593","172.26.191.172","5000","11.247488000","48","1","56526","11.249525000"
"344","14:16:34.727206","100","8641","172.26.191.172","5000","11.247490000","48","1","56526","11.249527000"
"345","14:16:34.727210","100","8689","172.26.191.172","5000","11.247494000","48","1","56526","11.249531000"
"346","14:16:34.976823","52","1","100.64.0.5","56526","11.497107000","0","8497","5000","11.499144000"
"347","14:16:34.976856","100","8497","172.26.191.172","5000","11.497140000","48","1","56526","11.499177000"
"348","14:16:34.976874","100","8737","172.26.191.172","5000","11.497158000","48","1","56526","11.499195000"
"349","14:16:34.976885","64","1","100.64.0.5","56526","11.497169000","0","8497","5000","11.499206000"
"350","14:16:34.976904","100","8785","172.26.191.172","5000","11.497188000","48","1","56526","11.499225000"
"351","14:16:34.976905","100","8833","172.26.191.172","5000","11.497189000","48","1","56526","11.499226000"
"352","14:16:34.976912","64","1","100.64.0.5","56526","11.497196000","0","8497","5000","11.499233000"
"353","14:16:34.976920","100","8881","172.26.191.172","5000","11.497204000","48","1","56526","11.499241000"
"354","14:16:35.007645","48",,,,,,,,"11.529966000"
"355","14:16:35.227781","52","1","100.64.0.5","56526","11.748065000","0","8689","5000","11.750102000"
"356","14:16:35.227814","100","8689","172.26.191.172","5000","11.748098000","48","1","56526","11.750135000"
"357","14:16:35.227832","100","8929","172.26.191.172","5000","11.748116000","48","1","56526","11.750153000"
"358","14:16:35.227843","64","1","100.64.0.5","56526","11.748127000","0","8689","5000","11.750164000"
"359","14:16:35.227862","100","8977","172.26.191.172","5000","11.748146000","48","1","56526","11.750183000"
"360","14:16:35.227863","100","9025","172.26.191.172","5000","11.748147000","48","1","56526","11.750184000"
"361","14:16:35.227868","100","9073","172.26.191.172","5000","11.748152000","48","1","56526","11.750189000"
"362","14:16:35.477324","52","1","100.64.0.5","56526","11.997608000","0","8881","5000","11.999645000"
"363","14:16:35.477361","100","8881","172.26.191.172","5000","11.997645000","48","1","56526","11.999682000"
"364","14:16:35.477380","100","9121","172.26.191.172","5000","11.997664000","48","1","56526","11.999701000"
"365","14:16:35.477393","64","1","100.64.0.5","56526","11.997677000","0","8881","5000","11.999714000"
"366","14:16:35.477405","100","9169","172.26.191.172","5000","11.997689000","48","1","56526","11.999726000"
"367","14:16:35.477412","64","1","100.64.0.5","56526","11.997696000","0","8881","5000","11.999733000"
"368","14:16:35.477428","100","9217","172.26.191.172","5000","11.997712000","48","1","56526","11.999749000"
"369","14:16:35.477430","100","9265","172.26.191.172","5000","11.997714000","48","1","56526","11.999751000"
"370","14:16:35.727173","52","1","100.64.0.5","56526","12.247457000","0","9073","5000","12.249494000"
"371","14:16:35.727206","100","9073","172.26.191.172","5000","12.247490000","48","1","56526","12.249527000"
"372","14:16:35.727224","100","9313","172.26.191.172","5000","12.247508000","48","1","56526","12.249545000"
"373","14:16:35.727236","64","1","100.64.0.5","56526","12.247520000","0","9073","5000","12.249557000"
"374","14:16:35.727255","100","9361","172.26.191.172","5000","12.247539000","48","1","56526","12.249576000"
"375","14:16:35.727257","100","9409","172.26.191.172","5000","12.247541000","48","1","56526","12.249578000"
"376","14:16:35.727261","100","9457","172.26.191.172","5000","12.247545000","48","1","56526","12.249582000"
"377","14:16:35.977528","52","1","100.64.0.5","56526","12.497812000","0","9265","5000","12.499849000"
"378","14:16:35.977561","100","9265","172.26.191.172","5000","12.497845000","48","1","56526","12.499882000"
"379","14:16:35.977589","100","9505","172.26.191.172","5000","12.497873000","48","1","56526","12.499910000"
"380","14:16:35.977610","64","1","100.64.0.5","56526","12.497894000","0","9265","5000","12.499931000"
"381","14:16:35.977632","100","9553","172.26.191.172","5000","12.497916000","48","1","56526","12.499953000"
"382","14:16:35.977643","64","1","100.64.0.5","56526","12.497927000","0","9265","5000","12.499964000"
"383","14:16:35.977664","100","9601","172.26.191.172","5000","12.497948000","48","1","56526","12.499985000"
"384","14:16:35.977692","100","9649","172.26.191.172","5000","12.497976000","48","1","56526","12.500013000"
"385","14:16:36.227511","52","1","100.64.0.5","56526","12.747795000","0","9457","5000","12.749832000"
"386","14:16:36.227544","100","9457","172.26.191.172","5000","12.747828000","48","1","56526","12.749865000"
"387","14:16:36.227566","100","9697","172.26.191.172","5000","12.747850000","48","1","56526","12.749887000"
"388","14:16:36.227581","64","1","100.64.0.5","56526","12.747865000","0","9457","5000","12.749902000"
"389","14:16:36.227608","100","9745","172.26.191.172","5000","12.747892000","48","1","56526","12.749929000"
"390","14:16:36.227611","100","9793","172.26.191.172","5000","12.747895000","48","1","56526","12.749932000"
"391","14:16:36.227621","64","1","100.64.0.5","56526","12.747905000","0","9457","5000","12.749942000"
"392","14:16:36.227635","100","9841","172.26.191.172","5000","12.747919000","48","1","56526","12.749956000"
"393","14:16:36.477585","52","1","100.64.0.5","56526","12.997869000","0","9649","5000","12.999906000"
"394","14:16:36.477623","100","9649","172.26.191.172","5000","12.997907000","48","1","56526","12.999944000"
"395","14:16:36.477646","100","9889","172.26.191.172","5000","12.997930000","48","1","56526","12.999967000"
"396","14:16:36.477664","64","1","100.64.0.5","56526","12.997948000","0","9649","5000","12.999985000"
"397","14:16:36.477694","100","9937","172.26.191.172","5000","12.997978000","48","1","56526","13.000015000"
"398","14:16:36.477696","100","9985","172.26.191.172","5000","12.997980000","48","1","56526","13.000017000"
"399","14:16:36.477704","100","10033","172.26.191.172","5000","12.997988000","48","1","56526","13.000025000"
"400","14:16:36.727310","52","1","100.64.0.5","56526","13.247594000","0","9841","5000","13.249631000"
"401","14:16:36.727344","100","9841","172.26.191.172","5000","13.247628000","48","1","56526","13.249665000"
"402","14:16:36.727364","100","10081","172.26.191.172","5000","13.247648000","48","1","56526","13.249685000"
"403","14:16:36.727380","64","1","100.64.0.5","56526","13.247664000","0","9841","5000","13.249701000"
"404","14:16:36.727406","100","10129","172.26.191.172","5000","13.247690000","48","1","56526","13.249727000"
"405","14:16:36.727408","100","10177","172.26.191.172","5000","13.247692000","48","1","56526","13.249729000"
"406","14:16:36.727415","100","10225","172.26.191.172","5000","13.247699000","48","1","56526","13.249736000"
"407","14:16:36.976752","52","1","100.64.0.5","56526","13.497036000","0","10033","5000","13.499073000"
"408","14:16:36.976770","100","10033","172.26.191.172","5000","13.497054000","48","1","56526","13.499091000"
"409","14:16:36.976780","100","10273","172.26.191.172","5000","13.497064000","48","1","56526","13.499101000"
"410","14:16:36.976785","64","1","100.64.0.5","56526","13.497069000","0","10033","5000","13.499106000"
"411","14:16:36.976794","100","10321","172.26.191.172","5000","13.497078000","48","1","56526","13.499115000"
"412","14:16:36.976795","100","10369","172.26.191.172","5000","13.497079000","48","1","56526","13.499116000"
"413","14:16:36.976797","100","10417","172.26.191.172","5000","13.497081000","48","1","56526","13.499118000"
"414","14:16:37.227417","52","1","100.64.0.5","56526","13.747701000","0","10225","5000","13.749738000"
"415","14:16:37.227451","100","10225","172.26.191.172","5000","13.747735000","48","1","56526","13.749772000"
"416","14:16:37.227469","100","10465","172.26.191.172","5000","13.747753000","48","1","56526","13.749790000"
"417","14:16:37.227480","64","1","100.64.0.5","56526","13.747764000","0","10225","5000","13.749801000"
"418","14:16:37.227498","100","10513","172.26.191.172","5000","13.747782000","48","1","56526","13.749819000"
"419","14:16:37.227500","100","10561","172.26.191.172","5000","13.747784000","48","1","56526","13.749821000"
"420","14:16:37.227505","100","10609","172.26.191.172","5000","13.747789000","48","1","56526","13.749826000"
"421","14:16:37.477571","52","1","100.64.0.5","56526","13.997855000","0","10417","5000","13.999892000"
"422","14:16:37.477609","100","10417","172.26.191.172","5000","13.997893000","48","1","56526","13.999930000"
"423","14:16:37.477629","100","10657","172.26.191.172","5000","13.997913000","48","1","56526","13.999950000"
"424","14:16:37.477657","64","1","100.64.0.5","56526","13.997941000","0","10417","5000","13.999978000"
"425","14:16:37.477679","100","10705","172.26.191.172","5000","13.997963000","48","1","56526","14.000000000"
"426","14:16:37.477681","100","10753","172.26.191.172","5000","13.997965000","48","1","56526","14.000002000"
"427","14:16:37.477686","100","10801","172.26.191.172","5000","13.997970000","48","1","56526","14.000007000"
"428","14:16:37.726526","52","1","100.64.0.5","56526","14.246810000","0","10609","5000","14.248847000"
"429","14:16:37.726546","100","10609","172.26.191.172","5000","14.246830000","48","1","56526","14.248867000"
"430","14:16:37.726556","100","10849","172.26.191.172","5000","14.246840000","48","1","56526","14.248877000"
"431","14:16:37.726562","64","1","100.64.0.5","56526","14.246846000","0","10609","5000","14.248883000"
"432","14:16:37.726572","100","10897","172.26.191.172","5000","14.246856000","48","1","56526","14.248893000"
"433","14:16:37.726573","100","10945","172.26.191.172","5000","14.246857000","48","1","56526","14.248894000"
"434","14:16:37.726575","100","10993","172.26.191.172","5000","14.246859000","48","1","56526","14.248896000"
"435","14:16:37.977360","52","1","100.64.0.5","56526","14.497644000","0","10801","5000","14.499681000"
"436","14:16:37.977398","100","10801","172.26.191.172","5000","14.497682000","48","1","56526","14.499719000"
"437","14:16:37.977418","100","11041","172.26.191.172","5000","14.497702000","48","1","56526","14.499739000"
"438","14:16:37.977431","64","1","100.64.0.5","56526","14.497715000","0","10801","5000","14.499752000"
"439","14:16:37.977451","100","11089","172.26.191.172","5000","14.497735000","48","1","56526","14.499772000"
"440","14:16:37.977453","100","11137","172.26.191.172","5000","14.497737000","48","1","56526","14.499774000"
"441","14:16:37.977458","100","11185","172.26.191.172","5000","14.497742000","48","1","56526","14.499779000"
"442","14:16:38.227366","52","1","100.64.0.5","56526","14.747650000","0","10993","5000","14.749687000"
"443","14:16:38.227402","100","10993","172.26.191.172","5000","14.747686000","48","1","56526","14.749723000"
"444","14:16:38.227422","100","11233","172.26.191.172","5000","14.747706000","48","1","56526","14.749743000"
"445","14:16:38.227435","64","1","100.64.0.5","56526","14.747719000","0","10993","5000","14.749756000"
"446","14:16:38.227456","100","11281","172.26.191.172","5000","14.747740000","48","1","56526","14.749777000"
"447","14:16:38.227458","100","11329","172.26.191.172","5000","14.747742000","48","1","56526","14.749779000"
"448","14:16:38.227463","100","11377","172.26.191.172","5000","14.747747000","48","1","56526","14.749784000"
"449","14:16:38.477469","52","1","100.64.0.5","56526","14.997753000","0","11185","5000","14.999790000"
"450","14:16:38.477506","100","11185","172.26.191.172","5000","14.997790000","48","1","56526","14.999827000"
"451","14:16:38.477525","100","11425","172.26.191.172","5000","14.997809000","48","1","56526","14.999846000"
"452","14:16:38.477538","64","1","100.64.0.5","56526","14.997822000","0","11185","5000","14.999859000"
"453","14:16:38.477558","100","11473","172.26.191.172","5000","14.997842000","48","1","56526","14.999879000"
"454","14:16:38.477560","100","11521","172.26.191.172","5000","14.997844000","48","1","56526","14.999881000"
"455","14:16:38.477565","100","11569","172.26.191.172","5000","14.997849000","48","1","56526","14.999886000"
"456","14:16:38.727266","52","1","100.64.0.5","56526","15.247550000","0","11377","5000","15.249587000"
"457","14:16:38.727302","100","11377","172.26.191.172","5000","15.247586000","48","1","56526","15.249623000"
"458","14:16:38.727321","100","11617","172.26.191.172","5000","15.247605000","48","1","56526","15.249642000"
"459","14:16:38.727333","64","1","100.64.0.5","56526","15.247617000","0","11377","5000","15.249654000"
"460","14:16:38.727354","100","11665","172.26.191.172","5000","15.247638000","48","1","56526","15.249675000"
"461","14:16:38.727355","100","11713","172.26.191.172","5000","15.247639000","48","1","56526","15.249676000"
"462","14:16:38.727360","100","11761","172.26.191.172","5000","15.247644000","48","1","56526","15.249681000"
"463","14:16:38.977080","52","1","100.64.0.5","56526","15.497364000","0","11569","5000","15.499401000"
"464","14:16:38.977113","100","11569","172.26.191.172","5000","15.497397000","48","1","56526","15.499434000"
"465","14:16:38.977131","100","11809","172.26.191.172","5000","15.497415000","48","1","56526","15.499452000"
"466","14:16:38.977143","64","1","100.64.0.5","56526","15.497427000","0","11569","5000","15.499464000"
"467","14:16:38.977161","100","11857","172.26.191.172","5000","15.497445000","48","1","56526","15.499482000"
"468","14:16:38.977163","100","11905","172.26.191.172","5000","15.497447000","48","1","56526","15.499484000"
"469","14:16:38.977167","100","11953","172.26.191.172","5000","15.497451000","48","1","56526","15.499488000"
"470","14:16:39.226778","52","1","100.64.0.5","56526","15.747062000","0","11761","5000","15.749099000"
"471","14:16:39.226811","100","11761","172.26.191.172","5000","15.747095000","48","1","56526","15.749132000"
"472","14:16:39.226829","100","12001","172.26.191.172","5000","15.747113000","48","1","56526","15.749150000"
"473","14:16:39.226840","64","1","100.64.0.5","56526","15.747124000","0","11761","5000","15.749161000"
"474","14:16:39.226858","100","12049","172.26.191.172","5000","15.747142000","48","1","56526","15.749179000"
"475","14:16:39.226860","100","12097","172.26.191.172","5000","15.747144000","48","1","56526","15.749181000"
"476","14:16:39.226865","100","12145","172.26.191.172","5000","15.747149000","48","1","56526","15.749186000"
"477","14:16:39.476931","52","1","100.64.0.5","56526","15.997215000","0","11953","5000","15.999252000"
"478","14:16:39.476968","100","11953","172.26.191.172","5000","15.997252000","48","1","56526","15.999289000"
"479","14:16:39.476988","100","12193","172.26.191.172","5000","15.997272000","48","1","56526","15.999309000"
"480","14:16:39.477001","64","1","100.64.0.5","56526","15.997285000","0","11953","5000","15.999322000"
"481","14:16:39.477022","100","12241","172.26.191.172","5000","15.997306000","48","1","56526","15.999343000"
"482","14:16:39.477024","100","12289","172.26.191.172","5000","15.997308000","48","1","56526","15.999345000"
"483","14:16:39.477029","100","12337","172.26.191.172","5000","15.997313000","48","1","56526","15.999350000"
"484","14:16:39.727208","52","1","100.64.0.5","56526","16.247492000","0","12145","5000","16.249529000"
"485","14:16:39.727241","100","12145","172.26.191.172","5000","16.247525000","48","1","56526","16.249562000"
"486","14:16:39.727259","100","12385","172.26.191.172","5000","16.247543000","48","1","56526","16.249580000"
"487","14:16:39.727270","64","1","100.64.0.5","56526","16.247554000","0","12145","5000","16.249591000"
"488","14:16:39.727288","100","12433","172.26.191.172","5000","16.247572000","48","1","56526","16.249609000"
"489","14:16:39.727290","100","12481","172.26.191.172","5000","16.247574000","48","1","56526","16.249611000"
"490","14:16:39.727295","100","12529","172.26.191.172","5000","16.247579000","48","1","56526","16.249616000"
"491","14:16:39.977367","52","1","100.64.0.5","56526","16.497651000","0","12337","5000","16.499688000"
"492","14:16:39.977401","100","12337","172.26.191.172","5000","16.497685000","48","1","56526","16.499722000"
"493","14:16:39.977419","100","12577","172.26.191.172","5000","16.497703000","48","1","56526","16.499740000"
"494","14:16:39.977430","64","1","100.64.0.5","56526","16.497714000","0","12337","5000","16.499751000"
"495","14:16:39.977448","100","12625","172.26.191.172","5000","16.497732000","48","1","56526","16.499769000"
"496","14:16:39.977450","100","12673","172.26.191.172","5000","16.497734000","48","1","56526","16.499771000"
"497","14:16:39.977454","100","12721","172.26.191.172","5000","16.497738000","48","1","56526","16.499775000"
"498","14:16:40.227225","52","1","100.64.0.5","56526","16.747509000","0","12529","5000","16.749546000"
"499","14:16:40.227260","100","12529","172.26.191.172","5000","16.747544000","48","1","56526","16.749581000"
"500","14:16:40.227279","100","12769","172.26.191.172","5000","16.747563000","48","1","56526","16.749600000"
"501","14:16:40.227292","64","1","100.64.0.5","56526","16.747576000","0","12529","5000","16.749613000"
"502","14:16:40.227313","100","12817","172.26.191.172","5000","16.747597000","48","1","56526","16.749634000"
"503","14:16:40.227315","100","12865","172.26.191.172","5000","16.747599000","48","1","56526","16.749636000"
"504","14:16:40.227320","100","12913","172.26.191.172","5000","16.747604000","48","1","56526","16.749641000"
"505","14:16:40.477477","52","1","100.64.0.5","56526","16.997761000","0","12721","5000","16.999798000"
"506","14:16:40.477514","100","12721","172.26.191.172","5000","16.997798000","48","1","56526","16.999835000"
"507","14:16:40.477533","100","12961","172.26.191.172","5000","16.997817000","48","1","56526","16.999854000"
"508","14:16:40.477546","64","1","100.64.0.5","56526","16.997830000","0","12721","5000","16.999867000"
"509","14:16:40.477567","100","13009","172.26.191.172","5000","16.997851000","48","1","56526","16.999888000"
"510","14:16:40.477569","100","13057","172.26.191.172","5000","16.997853000","48","1","56526","16.999890000"
"511","14:16:40.477574","100","13105","172.26.191.172","5000","16.997858000","48","1","56526","16.999895000"
"512","14:16:40.727253","52","1","100.64.0.5","56526","17.247537000","0","12913","5000","17.249574000"
"513","14:16:40.727286","100","12913","172.26.191.172","5000","17.247570000","48","1","56526","17.249607000"
"514","14:16:40.727303","100","13153","172.26.191.172","5000","17.247587000","48","1","56526","17.249624000"
"515","14:16:40.727315","64","1","100.64.0.5","56526","17.247599000","0","12913","5000","17.249636000"
"516","14:16:40.727333","100","13201","172.26.191.172","5000","17.247617000","48","1","56526","17.249654000"
"517","14:16:40.727335","100","13249","172.26.191.172","5000","17.247619000","48","1","56526","17.249656000"
"518","14:16:40.727339","100","13297","172.26.191.172","5000","17.247623000","48","1","56526","17.249660000"
"519","14:16:40.976797","52","1","100.64.0.5","56526","17.497081000","0","13105","5000","17.499118000"
"520","14:16:40.976831","100","13105","172.26.191.172","5000","17.497115000","48","1","56526","17.499152000"
"521","14:16:40.976849","100","13345","172.26.191.172","5000","17.497133000","48","1","56526","17.499170000"
"522","14:16:40.976860","64","1","100.64.0.5","56526","17.497144000","0","13105","5000","17.499181000"
"523","14:16:40.976878","100","13393","172.26.191.172","5000","17.497162000","48","1","56526","17.499199000"
"524","14:16:40.976880","100","13441","172.26.191.172","5000","17.497164000","48","1","56526","17.499201000"
"525","14:16:40.976884","100","13489","172.26.191.172","5000","17.497168000","48","1","56526","17.499205000"
"526","14:16:41.227027","52","1","100.64.0.5","56526","17.747311000","0","13297","5000","17.749348000"
"527","14:16:41.227061","100","13297","172.26.191.172","5000","17.747345000","48","1","56526","17.749382000"
"528","14:16:41.227078","100","13537","172.26.191.172","5000","17.747362000","48","1","56526","17.749399000"
"529","14:16:41.227090","64","1","100.64.0.5","56526","17.747374000","0","13297","5000","17.749411000"
"530","14:16:41.227108","100","13585","172.26.191.172","5000","17.747392000","48","1","56526","17.749429000"
"531","14:16:41.227110","100","13633","172.26.191.172","5000","17.747394000","48","1","56526","17.749431000"
"532","14:16:41.227114","100","13681","172.26.191.172","5000","17.747398000","48","1","56526","17.749435000"
"533","14:16:41.477603","52","1","100.64.0.5","56526","17.997887000","0","13489","5000","17.999924000"
"534","14:16:41.477637","100","13489","172.26.191.172","5000","17.997921000","48","1","56526","17.999958000"
"535","14:16:41.477654","100","13729","172.26.191.172","5000","17.997938000","48","1","56526","17.999975000"
"536","14:16:41.477666","64","1","100.64.0.5","56526","17.997950000","0","13489","5000","17.999987000"
"537","14:16:41.477684","100","13777","172.26.191.172","5000","17.997968000","48","1","56526","18.000005000"
"538","14:16:41.477686","100","13825","172.26.191.172","5000","17.997970000","48","1","56526","18.000007000"
"539","14:16:41.477690","100","13873","172.26.191.172","5000","17.997974000","48","1","56526","18.000011000"
"540","14:16:41.727599","52","1","100.64.0.5","56526","18.247883000","0","13681","5000","18.249920000"
"541","14:16:41.727619","100","13681","172.26.191.172","5000","18.247903000","48","1","56526","18.249940000"
"542","14:16:41.727630","100","13921","172.26.191.172","5000","18.247914000","48","1","56526","18.249951000"
"543","14:16:41.727636","64","1","100.64.0.5","56526","18.247920000","0","13681","5000","18.249957000"
"544","14:16:41.727641","100","13969","172.26.191.172","5000","18.247925000","48","1","56526","18.249962000"
"545","14:16:41.727644","64","1","100.64.0.5","56526","18.247928000","0","13681","5000","18.249965000"
"546","14:16:41.727652","100","14017","172.26.191.172","5000","18.247936000","48","1","56526","18.249973000"
"547","14:16:41.727653","100","14065","172.26.191.172","5000","18.247937000","48","1","56526","18.249974000"
"548","14:16:41.977292","52","1","100.64.0.5","56526","18.497576000","0","13873","5000","18.499613000"
"549","14:16:41.977306","100","13873","172.26.191.172","5000","18.497590000","48","1","56526","18.499627000"
"550","14:16:41.977312","100","14113","172.26.191.172","5000","18.497596000","48","1","56526","18.499633000"
"551","14:16:41.977316","64","1","100.64.0.5","56526","18.497600000","0","13873","5000","18.499637000"
"552","14:16:41.977324","100","14161","172.26.191.172","5000","18.497608000","48","1","56526","18.499645000"
"553","14:16:41.977325","100","14209","172.26.191.172","5000","18.497609000","48","1","56526","18.499646000"
"554","14:16:41.977326","100","14257","172.26.191.172","5000","18.497610000","48","1","56526","18.499647000"
"555","14:16:42.227304","52","1","100.64.0.5","56526","18.747588000","0","14065","5000","18.749625000"
"556","14:16:42.227340","100","14065","172.26.191.172","5000","18.747624000","48","1","56526","18.749661000"
"557","14:16:42.227359","100","14305","172.26.191.172","5000","18.747643000","48","1","56526","18.749680000"
"558","14:16:42.227372","64","1","100.64.0.5","56526","18.747656000","0","14065","5000","18.749693000"
"559","14:16:42.227392","100","14353","172.26.191.172","5000","18.747676000","48","1","56526","18.749713000"
"560","14:16:42.227394","100","14401","172.26.191.172","5000","18.747678000","48","1","56526","18.749715000"
"561","14:16:42.227399","100","14449","172.26.191.172","5000","18.747683000","48","1","56526","18.749720000"
"562","14:16:42.477561","52","1","100.64.0.5","56526","18.997845000","0","14257","5000","18.999882000"
"563","14:16:42.477597","100","14257","172.26.191.172","5000","18.997881000","48","1","56526","18.999918000"
"564","14:16:42.477617","100","14497","172.26.191.172","5000","18.997901000","48","1","56526","18.999938000"
"565","14:16:42.477630","64","1","100.64.0.5","56526","18.997914000","0","14257","5000","18.999951000"
"566","14:16:42.477650","100","14545","172.26.191.172","5000","18.997934000","48","1","56526","18.999971000"
"567","14:16:42.477652","100","14593","172.26.191.172","5000","18.997936000","48","1","56526","18.999973000"
"568","14:16:42.477657","100","14641","172.26.191.172","5000","18.997941000","48","1","56526","18.999978000"
"569","14:16:42.727509","52","1","100.64.0.5","56526","19.247793000","0","14449","5000","19.249830000"
"570","14:16:42.727546","100","14449","172.26.191.172","5000","19.247830000","48","1","56526","19.249867000"
"571","14:16:42.727568","100","14689","172.26.191.172","5000","19.247852000","48","1","56526","19.249889000"
"572","14:16:42.727581","64","1","100.64.0.5","56526","19.247865000","0","14449","5000","19.249902000"
"573","14:16:42.727601","100","14737","172.26.191.172","5000","19.247885000","48","1","56526","19.249922000"
"574","14:16:42.727602","100","14785","172.26.191.172","5000","19.247886000","48","1","56526","19.249923000"
"575","14:16:42.727607","100","14833","172.26.191.172","5000","19.247891000","48","1","56526","19.249928000"
"576","14:16:42.977657","52","1","100.64.0.5","56526","19.497941000","0","14641","5000","19.499978000"
"577","14:16:42.977694","100","14641","172.26.191.172","5000","19.497978000","48","1","56526","19.500015000"
"578","14:16:42.977714","100","14881","172.26.191.172","5000","19.497998000","48","1","56526","19.500035000"
"579","14:16:42.977727","64","1","100.64.0.5","56526","19.498011000","0","14641","5000","19.500048000"
"580","14:16:42.977748","100","14929","172.26.191.172","5000","19.498032000","48","1","56526","19.500069000"
"581","14:16:42.977750","100","14977","172.26.191.172","5000","19.498034000","48","1","56526","19.500071000"
"582","14:16:42.977755","100","15025","172.26.191.172","5000","19.498039000","48","1","56526","19.500076000"
"583","14:16:43.227552","52","1","100.64.0.5","56526","19.747836000","0","14833","5000","19.749873000"
"584","14:16:43.227588","100","14833","172.26.191.172","5000","19.747872000","48","1","56526","19.749909000"
"585","14:16:43.227607","100","15073","172.26.191.172","5000","19.747891000","48","1","56526","19.749928000"
"586","14:16:43.227620","64","1","100.64.0.5","56526","19.747904000","0","14833","5000","19.749941000"
"587","14:16:43.227640","100","15121","172.26.191.172","5000","19.747924000","48","1","56526","19.749961000"
"588","14:16:43.227642","100","15169","172.26.191.172","5000","19.747926000","48","1","56526","19.749963000"
"589","14:16:43.227647","100","15217","172.26.191.172","5000","19.747931000","48","1","56526","19.749968000"
"590","14:16:43.476756","52","1","100.64.0.5","56526","19.997040000","0","15025","5000","19.999077000"
"591","14:16:43.476795","100","15025","172.26.191.172","5000","19.997079000","48","1","56526","19.999116000"
"592","14:16:43.476815","100","15265","172.26.191.172","5000","19.997099000","48","1","56526","19.999136000"
"593","14:16:43.476828","64","1","100.64.0.5","56526","19.997112000","0","15025","5000","19.999149000"
"594","14:16:43.476840","100","15313","172.26.191.172","5000","19.997124000","48","1","56526","19.999161000"
"595","14:16:43.476847","64","1","100.64.0.5","56526","19.997131000","0","15025","5000","19.999168000"
"596","14:16:43.476862","100","15361","172.26.191.172","5000","19.997146000","48","1","56526","19.999183000"
"597","14:16:43.476864","100","15409","172.26.191.172","5000","19.997148000","48","1","56526","19.999185000"
"598","14:16:43.727718","52","1","100.64.0.5","56526","20.248002000","0","15217","5000","20.250039000"
"599","14:16:43.727754","100","15217","172.26.191.172","5000","20.248038000","48","1","56526","20.250075000"
"600","14:16:43.727774","100","15457","172.26.191.172","5000","20.248058000","48","1","56526","20.250095000"
"601","14:16:43.727787","64","1","100.64.0.5","56526","20.248071000","0","15217","5000","20.250108000"
"602","14:16:43.727807","100","15505","172.26.191.172","5000","20.248091000","48","1","56526","20.250128000"
"603","14:16:43.727809","100","15553","172.26.191.172","5000","20.248093000","48","1","56526","20.250130000"
"604","14:16:43.727816","64","1","100.64.0.5","56526","20.248100000","0","15217","5000","20.250137000"
"605","14:16:43.727824","100","15601","172.26.191.172","5000","20.248108000","48","1","56526","20.250145000"
"606","14:16:43.977460","52","1","100.64.0.5","56526","20.497744000","0","15409","5000","20.499781000"
"607","14:16:43.977493","100","15409","172.26.191.172","5000","20.497777000","48","1","56526","20.499814000"
"608","14:16:43.977510","100","15649","172.26.191.172","5000","20.497794000","48","1","56526","20.499831000"
"609","14:16:43.977522","64","1","100.64.0.5","56526","20.497806000","0","15409","5000","20.499843000"
"610","14:16:43.977540","100","15697","172.26.191.172","5000","20.497824000","48","1","56526","20.499861000"
"611","14:16:43.977542","100","15745","172.26.191.172","5000","20.497826000","48","1","56526","20.499863000"
"612","14:16:43.977546","100","15793","172.26.191.172","5000","20.497830000","48","1","56526","20.499867000"
"613","14:16:44.227101","52","1","100.64.0.5","56526","20.747385000","0","15601","5000","20.749422000"
"614","14:16:44.227134","100","15601","172.26.191.172","5000","20.747418000","48","1","56526","20.749455000"
"615","14:16:44.227152","100","15841","172.26.191.172","5000","20.747436000","48","1","56526","20.749473000"
"616","14:16:44.227164","64","1","100.64.0.5","56526","20.747448000","0","15601","5000","20.749485000"
"617","14:16:44.227182","100","15889","172.26.191.172","5000","20.747466000","48","1","56526","20.749503000"
"618","14:16:44.227184","100","15937","172.26.191.172","5000","20.747468000","48","1","56526","20.749505000"
"619","14:16:44.227188","100","15985","172.26.191.172","5000","20.747472000","48","1","56526","20.749509000"
"620","14:16:44.476950","52","1","100.64.0.5","56526","20.997234000","0","15793","5000","20.999271000"
"621","14:16:44.476988","100","15793","172.26.191.172","5000","20.997272000","48","1","56526","20.999309000"
"622","14:16:44.477010","100","16033","172.26.191.172","5000","20.997294000","48","1","56526","20.999331000"
"623","14:16:44.477025","64","1","100.64.0.5","56526","20.997309000","0","15793","5000","20.999346000"
"624","14:16:44.477046","100","16081","172.26.191.172","5000","20.997330000","48","1","56526","20.999367000"
"625","14:16:44.477048","100","16129","172.26.191.172","5000","20.997332000","48","1","56526","20.999369000"
"626","14:16:44.477053","100","16177","172.26.191.172","5000","20.997337000","48","1","56526","20.999374000"
"627","14:16:44.727138","52","1","100.64.0.5","56526","21.247422000","0","15985","5000","21.249459000"
"628","14:16:44.727174","100","15985","172.26.191.172","5000","21.247458000","48","1","56526","21.249495000"
"629","14:16:44.727194","100","16225","172.26.191.172","5000","21.247478000","48","1","56526","21.249515000"
"630","14:16:44.727207","64","1","100.64.0.5","56526","21.247491000","0","15985","5000","21.249528000"
"631","14:16:44.727227","100","16273","172.26.191.172","5000","21.247511000","48","1","56526","21.249548000"
"632","14:16:44.727229","100","16321","172.26.191.172","5000","21.247513000","48","1","56526","21.249550000"
"633","14:16:44.727234","100","16369","172.26.191.172","5000","21.247518000","48","1","56526","21.249555000"
"634","14:16:44.976818","52","1","100.64.0.5","56526","21.497102000","0","16177","5000","21.499139000"
"635","14:16:44.976854","100","16177","172.26.191.172","5000","21.497138000","48","1","56526","21.499175000"
"636","14:16:44.976874","100","16417","172.26.191.172","5000","21.497158000","48","1","56526","21.499195000"
"637","14:16:44.976886","64","1","100.64.0.5","56526","21.497170000","0","16177","5000","21.499207000"
"638","14:16:44.976907","100","16465","172.26.191.172","5000","21.497191000","48","1","56526","21.499228000"
"639","14:16:44.976909","100","16513","172.26.191.172","5000","21.497193000","48","1","56526","21.499230000"
"640","14:16:44.976914","100","16561","172.26.191.172","5000","21.497198000","48","1","56526","21.499235000"
"641","14:16:45.227020","52","1","100.64.0.5","56526","21.747304000","0","16369","5000","21.749341000"
"642","14:16:45.227056","100","16369","172.26.191.172","5000","21.747340000","48","1","56526","21.749377000"
"643","14:16:45.227076","100","16609","172.26.191.172","5000","21.747360000","48","1","56526","21.749397000"
"644","14:16:45.227088","64","1","100.64.0.5","56526","21.747372000","0","16369","5000","21.749409000"
"645","14:16:45.227108","100","16657","172.26.191.172","5000","21.747392000","48","1","56526","21.749429000"
"646","14:16:45.227110","100","16705","172.26.191.172","5000","21.747394000","48","1","56526","21.749431000"
"647","14:16:45.227117","64","1","100.64.0.5","56526","21.747401000","0","16369","5000","21.749438000"
"648","14:16:45.227126","100","16753","172.26.191.172","5000","21.747410000","48","1","56526","21.749447000"
"649","14:16:45.476858","52","1","100.64.0.5","56526","21.997142000","0","16561","5000","21.999179000"
"650","14:16:45.476895","100","16561","172.26.191.172","5000","21.997179000","48","1","56526","21.999216000"
"651","14:16:45.476915","100","16801","172.26.191.172","5000","21.997199000","48","1","56526","21.999236000"
"652","14:16:45.476928","64","1","100.64.0.5","56526","21.997212000","0","16561","5000","21.999249000"
"653","14:16:45.476949","100","16849","172.26.191.172","5000","21.997233000","48","1","56526","21.999270000"
"654","14:16:45.476951","100","16897","172.26.191.172","5000","21.997235000","48","1","56526","21.999272000"
"655","14:16:45.476956","100","16945","172.26.191.172","5000","21.997240000","48","1","56526","21.999277000"
"656","14:16:45.727144","52","1","100.64.0.5","56526","22.247428000","0","16753","5000","22.249465000"
"657","14:16:45.727164","100","16753","172.26.191.172","5000","22.247448000","48","1","56526","22.249485000"
"658","14:16:45.727174","100","16993","172.26.191.172","5000","22.247458000","48","1","56526","22.249495000"
"659","14:16:45.727180","64","1","100.64.0.5","56526","22.247464000","0","16753","5000","22.249501000"
"660","14:16:45.727190","100","17041","172.26.191.172","5000","22.247474000","48","1","56526","22.249511000"
"661","14:16:45.727191","100","17089","172.26.191.172","5000","22.247475000","48","1","56526","22.249512000"
"662","14:16:45.727193","100","17137","172.26.191.172","5000","22.247477000","48","1","56526","22.249514000"
"663","14:16:45.976954","52","1","100.64.0.5","56526","22.497238000","0","16945","5000","22.499275000"
"664","14:16:45.976983","100","16945","172.26.191.172","5000","22.497267000","48","1","56526","22.499304000"
"665","14:16:45.977001","100","17185","172.26.191.172","5000","22.497285000","48","1","56526","22.499322000"
"666","14:16:45.977012","64","1","100.64.0.5","56526","22.497296000","0","16945","5000","22.499333000"
"667","14:16:45.977031","100","17233","172.26.191.172","5000","22.497315000","48","1","56526","22.499352000"
"668","14:16:45.977033","100","17281","172.26.191.172","5000","22.497317000","48","1","56526","22.499354000"
"669","14:16:45.977037","100","17329","172.26.191.172","5000","22.497321000","48","1","56526","22.499358000"
"670","14:16:46.227390","52","1","100.64.0.5","56526","22.747674000","0","17137","5000","22.749711000"
"671","14:16:46.227424","100","17137","172.26.191.172","5000","22.747708000","48","1","56526","22.749745000"
"672","14:16:46.227441","100","17377","172.26.191.172","5000","22.747725000","48","1","56526","22.749762000"
"673","14:16:46.227453","64","1","100.64.0.5","56526","22.747737000","0","17137","5000","22.749774000"
"674","14:16:46.227471","100","17425","172.26.191.172","5000","22.747755000","48","1","56526","22.749792000"
"675","14:16:46.227473","100","17473","172.26.191.172","5000","22.747757000","48","1","56526","22.749794000"
"676","14:16:46.227477","100","17521","172.26.191.172","5000","22.747761000","48","1","56526","22.749798000"
"677","14:16:46.477123","52","1","100.64.0.5","56526","22.997407000","0","17329","5000","22.999444000"
"678","14:16:46.477157","100","17329","172.26.191.172","5000","22.997441000","48","1","56526","22.999478000"
"679","14:16:46.477175","100","17569","172.26.191.172","5000","22.997459000","48","1","56526","22.999496000"
"680","14:16:46.477187","64","1","100.64.0.5","56526","22.997471000","0","17329","5000","22.999508000"
"681","14:16:46.477206","100","17617","172.26.191.172","5000","22.997490000","48","1","56526","22.999527000"
"682","14:16:46.477207","100","17665","172.26.191.172","5000","22.997491000","48","1","56526","22.999528000"
"683","14:16:46.477212","100","17713","172.26.191.172","5000","22.997496000","48","1","56526","22.999533000"
"684","14:16:46.727055","52","1","100.64.0.5","56526","23.247339000","0","17521","5000","23.249376000"
"685","14:16:46.727092","100","17521","172.26.191.172","5000","23.247376000","48","1","56526","23.249413000"
"686","14:16:46.727113","100","17761","172.26.191.172","5000","23.247397000","48","1","56526","23.249434000"
"687","14:16:46.727126","64","1","100.64.0.5","56526","23.247410000","0","17521","5000","23.249447000"
"688","14:16:46.727147","100","17809","172.26.191.172","5000","23.247431000","48","1","56526","23.249468000"
"689","14:16:46.727149","100","17857","172.26.191.172","5000","23.247433000","48","1","56526","23.249470000"
"690","14:16:46.727156","64","1","100.64.0.5","56526","23.247440000","0","17521","5000","23.249477000"
"691","14:16:46.727166","100","17905","172.26.191.172","5000","23.247450000","48","1","56526","23.249487000"
"692","14:16:46.976847","52","1","100.64.0.5","56526","23.497131000","0","17713","5000","23.499168000"
"693","14:16:46.976885","100","17713","172.26.191.172","5000","23.497169000","48","1","56526","23.499206000"
"694","14:16:46.976906","100","17953","172.26.191.172","5000","23.497190000","48","1","56526","23.499227000"
"695","14:16:46.976919","64","1","100.64.0.5","56526","23.497203000","0","17713","5000","23.499240000"
"696","14:16:46.976940","100","18001","172.26.191.172","5000","23.497224000","48","1","56526","23.499261000"
"697","14:16:46.976942","100","18049","172.26.191.172","5000","23.497226000","48","1","56526","23.499263000"
"698","14:16:46.976947","100","18097","172.26.191.172","5000","23.497231000","48","1","56526","23.499268000"
"699","14:16:47.227208","52","1","100.64.0.5","56526","23.747492000","0","17905","5000","23.749529000"
"700","14:16:47.227241","100","17905","172.26.191.172","5000","23.747525000","48","1","56526","23.749562000"
"701","14:16:47.227259","100","18145","172.26.191.172","5000","23.747543000","48","1","56526","23.749580000"
"702","14:16:47.227271","64","1","100.64.0.5","56526","23.747555000","0","17905","5000","23.749592000"
"703","14:16:47.227289","100","18193","172.26.191.172","5000","23.747573000","48","1","56526","23.749610000"
"704","14:16:47.227291","100","18241","172.26.191.172","5000","23.747575000","48","1","56526","23.749612000"
"705","14:16:47.227295","100","18289","172.26.191.172","5000","23.747579000","48","1","56526","23.749616000"
"706","14:16:47.476235","52","1","100.64.0.5","56526","23.996519000","0","18097","5000","23.998556000"
"707","14:16:47.476274","100","18097","172.26.191.172","5000","23.996558000","48","1","56526","23.998595000"
"708","14:16:47.476293","100","18337","172.26.191.172","5000","23.996577000","48","1","56526","23.998614000"
"709","14:16:47.477582","64","1","100.64.0.5","56526","23.997866000","0","18097","5000","23.999903000"
"710","14:16:47.477628","100","18385","172.26.191.172","5000","23.997912000","48","1","56526","23.999949000"
"711","14:16:47.477638","100","18433","172.26.191.172","5000","23.997922000","48","1","56526","23.999959000"
"712","14:16:47.477662","100","18481","172.26.191.172","5000","23.997946000","48","1","56526","23.999983000"
"713","14:16:47.727485","52","1","100.64.0.5","56526","24.247769000","0","18289","5000","24.249806000"
"714","14:16:47.727521","100","18289","172.26.191.172","5000","24.247805000","48","1","56526","24.249842000"
"715","14:16:47.727541","100","18529","172.26.191.172","5000","24.247825000","48","1","56526","24.249862000"
"716","14:16:47.727554","64","1","100.64.0.5","56526","24.247838000","0","18289","5000","24.249875000"
"717","14:16:47.727566","100","18577","172.26.191.172","5000","24.247850000","48","1","56526","24.249887000"
"718","14:16:47.727573","64","1","100.64.0.5","56526","24.247857000","0","18289","5000","24.249894000"
"719","14:16:47.727589","100","18625","172.26.191.172","5000","24.247873000","48","1","56526","24.249910000"
"720","14:16:47.727590","100","18673","172.26.191.172","5000","24.247874000","48","1","56526","24.249911000"
"721","14:16:47.977479","52","1","100.64.0.5","56526","24.497763000","0","18481","5000","24.499800000"
"722","14:16:47.977512","100","18481","172.26.191.172","5000","24.497796000","48","1","56526","24.499833000"
"723","14:16:47.977547","100","18721","172.26.191.172","5000","24.497831000","48","1","56526","24.499868000"
"724","14:16:47.977562","64","1","100.64.0.5","56526","24.497846000","0","18481","5000","24.499883000"
"725","14:16:47.977584","100","18769","172.26.191.172","5000","24.497868000","48","1","56526","24.499905000"
"726","14:16:47.977586","100","18817","172.26.191.172","5000","24.497870000","48","1","56526","24.499907000"
"727","14:16:47.977591","100","18865","172.26.191.172","5000","24.497875000","48","1","56526","24.499912000"
"728","14:16:48.227404","52","1","100.64.0.5","56526","24.747688000","0","18673","5000","24.749725000"
"729","14:16:48.227441","100","18673","172.26.191.172","5000","24.747725000","48","1","56526","24.749762000"
"730","14:16:48.227461","100","18913","172.26.191.172","5000","24.747745000","48","1","56526","24.749782000"
"731","14:16:48.227473","64","1","100.64.0.5","56526","24.747757000","0","18673","5000","24.749794000"
"732","14:16:48.227494","100","18961","172.26.191.172","5000","24.747778000","48","1","56526","24.749815000"
"733","14:16:48.227496","100","19009","172.26.191.172","5000","24.747780000","48","1","56526","24.749817000"
"734","14:16:48.227501","100","19057","172.26.191.172","5000","24.747785000","48","1","56526","24.749822000"
"735","14:16:48.477458","52","1","100.64.0.5","56526","24.997742000","0","18865","5000","24.999779000"
"736","14:16:48.477495","100","18865","172.26.191.172","5000","24.997779000","48","1","56526","24.999816000"
"737","14:16:48.477515","100","19105","172.26.191.172","5000","24.997799000","48","1","56526","24.999836000"
"738","14:16:48.477527","64","1","100.64.0.5","56526","24.997811000","0","18865","5000","24.999848000"
"739","14:16:48.477549","100","19153","172.26.191.172","5000","24.997833000","48","1","56526","24.999870000"
"740","14:16:48.477551","100","19201","172.26.191.172","5000","24.997835000","48","1","56526","24.999872000"
"741","14:16:48.477556","100","19249","172.26.191.172","5000","24.997840000","48","1","56526","24.999877000"
"742","14:16:48.727458","52","1","100.64.0.5","56526","25.247742000","0","19057","5000","25.249779000"
"743","14:16:48.727495","100","19057","172.26.191.172","5000","25.247779000","48","1","56526","25.249816000"
"744","14:16:48.727514","100","19297","172.26.191.172","5000","25.247798000","48","1","56526","25.249835000"
"745","14:16:48.727527","64","1","100.64.0.5","56526","25.247811000","0","19057","5000","25.249848000"
"746","14:16:48.727547","100","19345","172.26.191.172","5000","25.247831000","48","1","56526","25.249868000"
"747","14:16:48.727550","100","19393","172.26.191.172","5000","25.247834000","48","1","56526","25.249871000"
"748","14:16:48.727555","100","19441","172.26.191.172","5000","25.247839000","48","1","56526","25.249876000"
"749","14:16:48.977445","52","1","100.64.0.5","56526","25.497729000","0","19249","5000","25.499766000"
"750","14:16:48.977482","100","19249","172.26.191.172","5000","25.497766000","48","1","56526","25.499803000"
"751","14:16:48.977502","100","19489","172.26.191.172","5000","25.497786000","48","1","56526","25.499823000"
"752","14:16:48.977514","64","1","100.64.0.5","56526","25.497798000","0","19249","5000","25.499835000"
"753","14:16:48.977535","100","19537","172.26.191.172","5000","25.497819000","48","1","56526","25.499856000"
"754","14:16:48.977537","100","19585","172.26.191.172","5000","25.497821000","48","1","56526","25.499858000"
"755","14:16:48.977542","100","19633","172.26.191.172","5000","25.497826000","48","1","56526","25.499863000"
"756","14:16:49.226334","52","1","100.64.0.5","56526","25.746618000","0","19441","5000","25.748655000"
"757","14:16:49.226367","100","19441","172.26.191.172","5000","25.746651000","48","1","56526","25.748688000"
"758","14:16:49.226385","100","19681","172.26.191.172","5000","25.746669000","48","1","56526","25.748706000"
"759","14:16:49.227554","64","1","100.64.0.5","56526","25.747838000","0","19441","5000","25.749875000"
"760","14:16:49.227584","100","19729","172.26.191.172","5000","25.747868000","48","1","56526","25.749905000"
"761","14:16:49.227592","100","19777","172.26.191.172","5000","25.747876000","48","1","56526","25.749913000"
"762","14:16:49.227599","100","19825","172.26.191.172","5000","25.747883000","48","1","56526","25.749920000"
"763","14:16:49.477308","52","1","100.64.0.5","56526","25.997592000","0","19633","5000","25.999629000"
"764","14:16:49.477342","100","19633","172.26.191.172","5000","25.997626000","48","1","56526","25.999663000"
"765","14:16:49.477360","100","19873","172.26.191.172","5000","25.997644000","48","1","56526","25.999681000"
"766","14:16:49.477371","64","1","100.64.0.5","56526","25.997655000","0","19633","5000","25.999692000"
"767","14:16:49.477382","100","19921","172.26.191.172","5000","25.997666000","48","1","56526","25.999703000"
"768","14:16:49.477388","64","1","100.64.0.5","56526","25.997672000","0","19633","5000","25.999709000"
"769","14:16:49.477402","100","19969","172.26.191.172","5000","25.997686000","48","1","56526","25.999723000"
"770","14:16:49.477404","100","20017","172.26.191.172","5000","25.997688000","48","1","56526","25.999725000"
"771","14:16:49.726854","52","1","100.64.0.5","56526","26.247138000","0","19825","5000","26.249175000"
"772","14:16:49.726872","100","19825","172.26.191.172","5000","26.247156000","48","1","56526","26.249193000"
"773","14:16:49.726882","100","20065","172.26.191.172","5000","26.247166000","48","1","56526","26.249203000"
"774","14:16:49.726887","64","1","100.64.0.5","56526","26.247171000","0","19825","5000","26.249208000"
"775","14:16:49.726896","100","20113","172.26.191.172","5000","26.247180000","48","1","56526","26.249217000"
"776","14:16:49.726897","100","20161","172.26.191.172","5000","26.247181000","48","1","56526","26.249218000"
"777","14:16:49.726899","100","20209","172.26.191.172","5000","26.247183000","48","1","56526","26.249220000"
"778","14:16:49.977570","52","1","100.64.0.5","56526","26.497854000","0","20017","5000","26.499891000"
"779","14:16:49.977607","100","20017","172.26.191.172","5000","26.497891000","48","1","56526","26.499928000"
"780","14:16:49.977627","100","20257","172.26.191.172","5000","26.497911000","48","1","56526","26.499948000"
"781","14:16:49.977639","64","1","100.64.0.5","56526","26.497923000","0","20017","5000","26.499960000"
"782","14:16:49.977660","100","20305","172.26.191.172","5000","26.497944000","48","1","56526","26.499981000"
"783","14:16:49.977662","100","20353","172.26.191.172","5000","26.497946000","48","1","56526","26.499983000"
"784","14:16:49.977667","100","20401","172.26.191.172","5000","26.497951000","48","1","56526","26.499988000"
"785","14:16:50.227329","52","1","100.64.0.5","56526","26.747613000","0","20209","5000","26.749650000"
"786","14:16:50.227366","100","20209","172.26.191.172","5000","26.747650000","48","1","56526","26.749687000"
"787","14:16:50.227385","100","20449","172.26.191.172","5000","26.747669000","48","1","56526","26.749706000"
"788","14:16:50.227399","64","1","100.64.0.5","56526","26.747683000","0","20209","5000","26.749720000"
"789","14:16:50.227419","100","20497","172.26.191.172","5000","26.747703000","48","1","56526","26.749740000"
"790","14:16:50.227421","100","20545","172.26.191.172","5000","26.747705000","48","1","56526","26.749742000"
"791","14:16:50.227426","100","20593","172.26.191.172","5000","26.747710000","48","1","56526","26.749747000"
"792","14:16:50.367921","48",,,,,,,,"26.890242000"
"793","14:16:50.477358","52","1","100.64.0.5","56526","26.997642000","0","20401","5000","26.999679000"
"794","14:16:50.477396","100","20401","172.26.191.172","5000","26.997680000","48","1","56526","26.999717000"
"795","14:16:50.477420","100","20641","172.26.191.172","5000","26.997704000","48","1","56526","26.999741000"
"796","14:16:50.477438","64","1","100.64.0.5","56526","26.997722000","0","20401","5000","26.999759000"
"797","14:16:50.477469","100","20689","172.26.191.172","5000","26.997753000","48","1","56526","26.999790000"
"798","14:16:50.477472","100","20737","172.26.191.172","5000","26.997756000","48","1","56526","26.999793000"
"799","14:16:50.477481","100","20785","172.26.191.172","5000","26.997765000","48","1","56526","26.999802000"
"800","14:16:50.727415","52","1","100.64.0.5","56526","27.247699000","0","20593","5000","27.249736000"
"801","14:16:50.727452","100","20593","172.26.191.172","5000","27.247736000","48","1","56526","27.249773000"
"802","14:16:50.727481","100","20833","172.26.191.172","5000","27.247765000","48","1","56526","27.249802000"
"803","14:16:50.727504","64","1","100.64.0.5","56526","27.247788000","0","20593","5000","27.249825000"
"804","14:16:50.727541","100","20881","172.26.191.172","5000","27.247825000","48","1","56526","27.249862000"
"805","14:16:50.727560","100","20929","172.26.191.172","5000","27.247844000","48","1","56526","27.249881000"
"806","14:16:50.727570","100","20977","172.26.191.172","5000","27.247854000","48","1","56526","27.249891000"
"807","14:16:50.977420","52","1","100.64.0.5","56526","27.497704000","0","20785","5000","27.499741000"
"808","14:16:50.977458","100","20785","172.26.191.172","5000","27.497742000","48","1","56526","27.499779000"
"809","14:16:50.977489","100","21025","172.26.191.172","5000","27.497773000","48","1","56526","27.499810000"
"810","14:16:50.977514","64","1","100.64.0.5","56526","27.497798000","0","20785","5000","27.499835000"
"811","14:16:50.977549","100","21073","172.26.191.172","5000","27.497833000","48","1","56526","27.499870000"
"812","14:16:50.977565","100","21121","172.26.191.172","5000","27.497849000","48","1","56526","27.499886000"
"813","14:16:50.977574","100","21169","172.26.191.172","5000","27.497858000","48","1","56526","27.499895000"
"814","14:16:51.227594","52","1","100.64.0.5","56526","27.747878000","0","20977","5000","27.749915000"
"815","14:16:51.227626","100","20977","172.26.191.172","5000","27.747910000","48","1","56526","27.749947000"
"816","14:16:51.227652","100","21217","172.26.191.172","5000","27.747936000","48","1","56526","27.749973000"
"817","14:16:51.227673","64","1","100.64.0.5","56526","27.747957000","0","20977","5000","27.749994000"
"818","14:16:51.227705","100","21265","172.26.191.172","5000","27.747989000","48","1","56526","27.750026000"
"819","14:16:51.227741","100","21313","172.26.191.172","5000","27.748025000","48","1","56526","27.750062000"
"820","14:16:51.227750","100","21361","172.26.191.172","5000","27.748034000","48","1","56526","27.750071000"
"821","14:16:51.476715","52","1","100.64.0.5","56526","27.996999000","0","21169","5000","27.999036000"
"822","14:16:51.476752","100","21169","172.26.191.172","5000","27.997036000","48","1","56526","27.999073000"
"823","14:16:51.476780","100","21409","172.26.191.172","5000","27.997064000","48","1","56526","27.999101000"
"824","14:16:51.476804","64","1","100.64.0.5","56526","27.997088000","0","21169","5000","27.999125000"
"825","14:16:51.476840","100","21457","172.26.191.172","5000","27.997124000","48","1","56526","27.999161000"
"826","14:16:51.476859","100","21505","172.26.191.172","5000","27.997143000","48","1","56526","27.999180000"
"827","14:16:51.476868","100","21553","172.26.191.172","5000","27.997152000","48","1","56526","27.999189000"
"828","14:16:51.727522","52","1","100.64.0.5","56526","28.247806000","0","21361","5000","28.249843000"
"829","14:16:51.727558","100","21361","172.26.191.172","5000","28.247842000","48","1","56526","28.249879000"
"830","14:16:51.727580","100","21601","172.26.191.172","5000","28.247864000","48","1","56526","28.249901000"
"831","14:16:51.727598","64","1","100.64.0.5","56526","28.247882000","0","21361","5000","28.249919000"
"832","14:16:51.727615","100","21649","172.26.191.172","5000","28.247899000","48","1","56526","28.249936000"
"833","14:16:51.727625","64","1","100.64.0.5","56526","28.247909000","0","21361","5000","28.249946000"
"834","14:16:51.727650","100","21697","172.26.191.172","5000","28.247934000","48","1","56526","28.249971000"
"835","14:16:51.727667","100","21745","172.26.191.172","5000","28.247951000","48","1","56526","28.249988000"
"836","14:16:51.977493","52","1","100.64.0.5","56526","28.497777000","0","21553","5000","28.499814000"
"837","14:16:51.977526","100","21553","172.26.191.172","5000","28.497810000","48","1","56526","28.499847000"
"838","14:16:51.977552","100","21793","172.26.191.172","5000","28.497836000","48","1","56526","28.499873000"
"839","14:16:51.977574","64","1","100.64.0.5","56526","28.497858000","0","21553","5000","28.499895000"
"840","14:16:51.977607","100","21841","172.26.191.172","5000","28.497891000","48","1","56526","28.499928000"
"841","14:16:51.977622","100","21889","172.26.191.172","5000","28.497906000","48","1","56526","28.499943000"
"842","14:16:51.977630","100","21937","172.26.191.172","5000","28.497914000","48","1","56526","28.499951000"
"843","14:16:52.227330","52","1","100.64.0.5","56526","28.747614000","0","21745","5000","28.749651000"
"844","14:16:52.227365","100","21745","172.26.191.172","5000","28.747649000","48","1","56526","28.749686000"
"845","14:16:52.227388","100","21985","172.26.191.172","5000","28.747672000","48","1","56526","28.749709000"
"846","14:16:52.227405","64","1","100.64.0.5","56526","28.747689000","0","21745","5000","28.749726000"
"847","14:16:52.227435","100","22033","172.26.191.172","5000","28.747719000","48","1","56526","28.749756000"
"848","14:16:52.227438","100","22081","172.26.191.172","5000","28.747722000","48","1","56526","28.749759000"
"849","14:16:52.227445","100","22129","172.26.191.172","5000","28.747729000","48","1","56526","28.749766000"
"850","14:16:52.477476","52","1","100.64.0.5","56526","28.997760000","0","21937","5000","28.999797000"
"851","14:16:52.477514","100","21937","172.26.191.172","5000","28.997798000","48","1","56526","28.999835000"
"852","14:16:52.477536","100","22177","172.26.191.172","5000","28.997820000","48","1","56526","28.999857000"
"853","14:16:52.477553","64","1","100.64.0.5","56526","28.997837000","0","21937","5000","28.999874000"
"854","14:16:52.477584","100","22225","172.26.191.172","5000","28.997868000","48","1","56526","28.999905000"
"855","14:16:52.477586","100","22273","172.26.191.172","5000","28.997870000","48","1","56526","28.999907000"
"856","14:16:52.477595","100","22321","172.26.191.172","5000","28.997879000","48","1","56526","28.999916000"
"857","14:16:52.727302","52","1","100.64.0.5","56526","29.247586000","0","22129","5000","29.249623000"
"858","14:16:52.727336","100","22129","172.26.191.172","5000","29.247620000","48","1","56526","29.249657000"
"859","14:16:52.727356","100","22369","172.26.191.172","5000","29.247640000","48","1","56526","29.249677000"
"860","14:16:52.727372","64","1","100.64.0.5","56526","29.247656000","0","22129","5000","29.249693000"
"861","14:16:52.727399","100","22417","172.26.191.172","5000","29.247683000","48","1","56526","29.249720000"
"862","14:16:52.727401","100","22465","172.26.191.172","5000","29.247685000","48","1","56526","29.249722000"
"863","14:16:52.727408","100","22513","172.26.191.172","5000","29.247692000","48","1","56526","29.249729000"
"864","14:16:52.977181","52","1","100.64.0.5","56526","29.497465000","0","22321","5000","29.499502000"
"865","14:16:52.977218","100","22321","172.26.191.172","5000","29.497502000","48","1","56526","29.499539000"
"866","14:16:52.977246","100","22561","172.26.191.172","5000","29.497530000","48","1","56526","29.499567000"
"867","14:16:52.977269","64","1","100.64.0.5","56526","29.497553000","0","22321","5000","29.499590000"
"868","14:16:52.977305","100","22609","172.26.191.172","5000","29.497589000","48","1","56526","29.499626000"
"869","14:16:52.977325","100","22657","172.26.191.172","5000","29.497609000","48","1","56526","29.499646000"
"870","14:16:52.977334","100","22705","172.26.191.172","5000","29.497618000","48","1","56526","29.499655000"
